Store Number,Average Deliveries Per Month
0,5
1,11
2,13
3,9
4,10
5,8
7,9
9,9
10,15
11,14
12,9
13,10
14,11
15,10
17,9
18,11
19,10
20,9
21,9
22,9
23,9
24,4
25,9
26,9
27,9
28,9
29,13
30,9
31,19
32,9
34,11
35,13
37,13
38,9
39,5
40,9
41,9
42,9
43,9
44,5
46,6
47,20
48,9
49,8
50,9
51,13
52,13
54,9
56,5
58,6
59,10
60,15
61,9
62,13
63,9
64,9
65,9
68,9
69,13
70,16
72,9
73,9
74,6
76,8
77,9
78,5
79,9
80,9
81,7
82,17
83,4
85,8
86,9
88,5
89,10
90,9
91,9
92,9
93,8
94,9
95,13
96,9
97,9
98,9
99,9
100,14
101,19
102,9
103,9
104,9
106,9
107,19
108,9
109,5
111,9
112,9
113,8
115,8
116,9
117,9
120,9
121,10
122,13
123,8
124,8
125,21
126,9
129,9
130,12
132,6
134,9
135,5
136,5
137,9
138,9
139,8
140,12
144,11
145,9
146,8
147,9
148,10
149,9
150,9
151,14
152,10
155,9
156,5
157,8
158,9
159,13
160,9
161,12
162,8
163,9
165,9
166,6
168,9
169,3
170,4
171,11
172,9
173,9
174,13
175,8
177,20
178,8
179,10
180,9
181,7
182,9
183,9
184,10
185,9
186,9
188,21
189,9
190,9
192,9
194,10
195,9
196,8
197,9
198,9
199,9
200,9
201,9
203,12
204,9
205,9
206,8
207,5
208,4
209,13
210,5
211,9
212,8
213,9
214,9
215,8
216,10
217,8
218,5
219,9
220,9
221,9
222,8
224,11
225,9
227,9
228,9
229,4
230,9
231,9
232,9
233,9
234,9
236,9
237,8
238,9
239,9
240,9
242,8
243,15
244,8
246,9
247,5
248,9
249,9
250,9
251,9
252,9
253,5
254,4
256,9
257,10
258,9
259,9
260,9
261,14
262,9
264,9
265,9
266,9
267,9
268,9
269,9
271,9
272,9
275,13
276,9
277,9
278,9
280,9
281,4
282,9
283,9
284,9
285,13
286,9
287,13
288,9
289,9
290,9
292,9
293,9
294,9
295,11
297,9
298,9
299,17
300,9
301,12
302,9
303,9
304,9
305,9
306,9
307,9
308,9
309,9
310,9
311,9
312,9
313,10
314,9
315,8
316,10
317,4
318,10
319,10
320,8
321,13
322,10
324,9
325,9
326,9
327,5
328,9
329,9
330,10
331,9
332,9
333,4
334,4
335,14
337,9
338,9
339,4
340,16
341,9
342,5
343,9
344,9
345,10
346,9
347,7
350,9
352,5
354,9
355,9
356,9
357,9
359,9
360,9
361,9
362,5
363,13
364,9
365,9
366,9
368,9
369,9
370,8
371,9
372,9
373,8
374,9
375,9
376,9
378,5
379,9
381,9
382,7
383,9
384,10
385,6
386,9
387,9
388,12
389,9
390,9
391,9
392,9
393,9
394,9
395,9
396,9
397,8
398,9
399,8
400,10
401,8
402,9
403,9
404,8
405,10
406,9
407,9
408,10
409,9
410,17
412,9
413,11
414,14
415,9
417,9
418,10
419,9
420,14
421,9
422,2
423,9
424,11
425,8
426,9
427,9
428,9
429,9
431,18
432,12
433,9
434,8
435,9
436,9
437,9
438,4
440,9
442,9
443,9
444,10
445,4
446,9
447,11
448,9
449,9
450,9
451,9
452,9
453,5
454,2
456,9
457,9
458,9
459,9
460,4
461,11
462,9
463,10
464,10
465,5
466,9
467,9
468,26
469,10
470,9
471,8
472,9
473,9
474,9
475,9
476,9
477,9
478,9
479,9
480,9
481,9
482,9
483,10
484,5
485,9
486,9
487,5
488,13
489,10
490,9
491,18
492,8
493,9
494,9
495,9
497,8
498,9
499,9
500,13
501,9
502,9
503,9
504,14
505,10
506,11
507,9
508,9
510,9
511,9
512,13
513,10
514,10
515,15
516,9
517,9
518,8
520,9
521,9
522,9
523,9
524,9
526,9
527,13
528,14
529,10
530,14
531,9
532,11
533,9
534,9
535,9
536,9
537,9
538,9
539,9
540,10
541,10
542,10
543,9
544,9
545,13
546,10
547,14
548,8
549,9
550,2
551,14
552,9
553,9
554,11
555,9
556,9
557,13
558,13
559,9
560,13
561,5
562,9
563,13
564,9
565,9
566,14
567,9
568,9
571,9
572,9
573,9
574,12
575,8
576,9
577,12
578,12
579,13
580,12
581,9
582,18
583,9
584,4
585,10
586,9
587,9
588,9
589,9
590,9
591,9
592,8
593,8
594,8
595,10
596,4
597,10
598,9
599,9
600,12
601,9
602,9
603,13
604,9
605,9
606,8
607,5
608,9
609,9
610,9
611,9
612,9
613,18
614,9
615,9
616,9
617,9
618,9
619,9
620,9
621,9
622,9
623,14
624,9
625,9
627,9
628,9
629,18
630,9
631,9
632,9
633,9
634,9
635,9
636,13
637,9
638,13
639,14
640,9
641,9
642,13
643,12
644,9
645,11
646,9
647,9
648,17
649,13
650,9
651,9
652,9
653,9
655,9
656,9
657,9
658,8
659,9
660,10
661,10
662,13
663,9
664,10
665,4
666,14
667,9
668,9
669,8
670,13
671,9
672,9
673,9
674,9
675,18
676,9
677,10
678,7
680,9
681,13
682,9
683,9
684,9
685,9
686,9
687,9
688,9
689,13
690,9
691,11
692,9
694,9
695,7
696,9
697,13
698,10
699,9
700,21
701,13
702,9
703,9
705,14
706,13
707,9
708,9
709,9
710,9
712,14
713,9
714,9
715,13
716,9
718,21
719,9
720,9
721,17
722,10
723,10
724,9
725,21
726,9
727,4
728,9
729,9
730,10
731,9
733,8
734,9
735,9
736,9
737,9
738,17
740,9
741,9
742,9
743,8
744,9
745,9
746,9
747,8
748,9
749,5
750,9
751,9
752,9
753,10
754,9
755,10
756,8
757,10
758,9
759,13
761,10
762,9
763,9
764,13
765,10
766,9
767,14
768,9
769,18
770,9
771,13
772,10
773,9
774,9
775,9
776,9
777,9
778,13
779,13
780,9
781,10
782,10
783,4
784,9
785,12
786,11
787,9
788,4
789,10
790,9
791,9
792,4
793,6
794,11
795,9
796,10
797,10
798,9
799,9
800,13
801,9
802,11
803,9
804,8
805,10
806,9
807,9
808,9
809,10
810,11
811,18
812,9
813,11
814,13
815,9
816,9
817,13
818,21
819,13
820,9
821,9
822,11
823,9
824,9
826,10
828,9
829,4
830,5
831,4
833,4
834,5
835,10
836,9
837,2
838,9
839,9
841,4
842,8
843,9
844,5
845,5
846,11
847,9
848,9
849,9
850,10
851,9
852,10
853,9
854,8
855,9
856,9
857,9
858,9
859,18
860,14
861,10
862,9
863,9
864,9
865,9
866,12
867,9
868,9
869,8
870,12
871,6
872,10
873,11
874,9
875,8
876,9
877,9
878,9
879,9
880,9
881,9
882,13
883,9
884,9
885,9
886,12
887,9
888,9
889,13
890,9
891,9
892,12
893,4
894,9
895,5
896,9
897,9
898,9
899,9
900,5
901,9
902,10
903,9
904,15
905,4
906,9
907,9
908,13
909,9
910,13
911,10
912,10
913,9
914,9
915,9
916,13
917,9
918,10
919,13
921,8
922,10
923,9
924,4
925,13
926,8
927,13
929,13
930,9
931,13
932,9
933,9
934,9
935,9
936,9
937,9
938,9
939,9
940,8
941,9
942,13
943,13
944,13
945,8
946,5
947,9
948,10
949,9
950,8
951,9
953,8
954,9
955,9
956,9
957,5
958,9
959,13
960,13
961,9
962,6
963,9
964,13
965,9
966,9
967,14
968,5
969,14
970,10
971,5
972,9
973,13
974,13
975,14
976,9
977,9
978,9
979,5
980,8
981,9
982,4
983,4
984,8
985,9
986,6
987,14
988,13
989,13
990,13
991,9
992,9
993,9
994,13
995,6
996,4
998,8
999,10
1000,13
1001,9
1002,9
1003,8
1004,20
1005,10
1006,11
1007,9
1008,7
1009,10
1010,9
1011,9
1012,9
1013,9
1014,10
1015,13
1016,11
1017,9
1018,9
1019,9
1020,9
1021,13
1022,9
1023,10
1024,9
1025,9
1026,9
1027,9
1028,13
1029,13
1030,10
1032,15
1033,9
1034,13
1035,13
1036,13
1037,9
1038,6
1039,9
1040,13
1041,9
1042,9
1043,9
1044,9
1045,4
1046,9
1047,8
1050,4
1052,9
1053,9
1054,9
1055,8
1056,9
1057,6
1058,8
1059,9
1060,9
1061,9
1062,10
1063,4
1064,9
1066,13
1067,9
1068,13
1069,9
1070,8
1071,9
1072,10
1073,10
1074,14
1075,9
1076,9
1077,13
1078,5
1079,13
1080,9
1081,8
1082,9
1083,13
1084,8
1085,13
1086,13
1087,13
1088,14
1089,9
1090,13
1091,10
1092,4
1093,9
1094,10
1095,5
1096,9
1097,9
1098,9
1099,8
1100,5
1101,9
1102,9
1103,11
1104,13
1105,9
1106,9
1107,9
1109,9
1110,9
1111,9
1112,9
1115,9
1116,9
1117,8
1118,9
1119,9
1120,9
1121,8
1122,9
1123,9
1124,5
1125,9
1126,9
1127,6
1128,9
1129,8
1130,16
1131,9
1132,9
1133,9
1134,15
1135,10
1136,9
1137,8
1138,4
1139,17
1140,9
1141,9
1143,8
1144,10
1146,9
1147,9
1148,15
1149,14
1150,11
1151,9
1152,9
1153,8
1154,9
1155,6
1156,9
1157,9
1158,9
1159,8
1160,12
1161,13
1162,9
1163,9
1164,9
1165,9
1166,9
1167,9
1168,9
1169,9
1170,9
1171,14
1172,13
1173,13
1174,10
1175,9
1176,5
1177,10
1178,9
1179,15
1180,9
1181,9
1182,17
1183,9
1184,8
1185,9
1186,9
1187,9
1188,12
1191,9
1192,9
1193,9
1194,9
1195,11
1196,9
1197,9
1198,11
1199,5
1200,5
1201,13
1202,3
1203,13
1204,9
1205,14
1206,9
1207,20
1208,4
1209,8
1210,9
1211,5
1212,9
1213,13
1214,6
1215,9
1216,9
1217,21
1218,9
1219,13
1220,9
1221,8
1222,17
1223,13
1224,9
1225,13
1226,9
1227,11
1228,9
1229,13
1230,9
1231,5
1232,9
1233,13
1235,9
1236,11
1237,9
1238,9
1239,9
1240,10
1241,9
1242,9
1243,10
1244,9
1245,15
1247,17
1248,9
1249,10
1250,3
1252,5
1253,10
1254,10
1255,9
1256,8
1257,9
1261,9
1262,4
1263,12
1264,9
1265,9
1266,10
1267,8
1268,9
1269,8
1270,10
1271,9
1272,9
1273,5
1274,9
1275,8
1276,9
1277,9
1278,5
1279,11
1280,8
1281,11
1282,9
1283,9
1284,9
1285,9
1286,9
1287,8
1288,10
1289,5
1290,9
1291,6
1292,13
1293,10
1294,7
1295,9
1296,9
1297,21
1298,9
1299,11
1300,10
1301,13
1302,9
1303,8
1304,9
1305,5
1306,9
1307,9
1308,5
1309,9
1310,10
1311,9
1312,9
1313,9
1314,8
1316,10
1317,16
1318,9
1319,9
1320,9
1321,9
1322,9
1324,9
1325,4
1326,9
1327,9
1328,9
1329,10
1330,9
1331,9
1332,10
1333,9
1335,9
1336,9
1337,9
1338,4
1339,9
1340,9
1341,15
1342,9
1344,11
1345,11
1346,13
1347,9
1348,9
1349,5
1350,9
1351,9
1352,9
1353,9
1354,9
1355,13
1356,8
1357,9
1358,9
1359,9
1360,9
1361,10
1362,20
1363,9
1364,9
1365,4
1366,9
1367,5
1369,9
1370,11
1371,7
1372,9
1373,8
1374,9
1375,9
1376,9
1377,12
1378,8
1379,9
1380,6
1381,9
1382,9
1383,9
1384,9
1385,9
1386,9
1387,13
1388,9
1389,9
1390,13
1391,14
1392,9
1393,9
1394,9
1395,5
1396,9
1397,9
1398,9
1399,9
1400,8
1401,6
1403,8
1404,10
1405,9
1406,9
1407,4
1408,13
1409,10
1410,9
1411,9
1412,7
1413,12
1414,9
1415,9
1416,9
1417,9
1418,12
1419,9
1420,9
1421,13
1422,9
1423,9
1424,9
1425,9
1426,13
1427,16
1428,9
1429,9
1430,9
1431,9
1432,9
1433,9
1434,4
1435,9
1436,9
1437,9
1438,9
1439,9
1440,12
1441,9
1442,9
1443,9
1444,13
1445,7
1446,4
1447,9
1448,9
1449,9
1450,13
1451,9
1452,9
1453,9
1454,15
1455,8
1457,6
1458,8
1459,7
1460,10
1461,9
1462,9
1463,9
1464,9
1465,12
1466,9
1467,4
1468,9
1469,9
1470,9
1471,9
1472,5
1473,5
1474,9
1475,9
1476,9
1477,9
1479,9
1480,8
1481,13
1482,9
1483,9
1486,9
1487,9
1488,9
1489,8
1490,5
1491,9
1492,5
1493,9
1494,9
1495,8
1496,10
1497,5
1498,9
1499,13
1500,5
1501,9
1502,9
1503,9
1504,9
1505,20
1506,9
1507,9
1509,5
1510,11
1511,6
1512,9
1513,13
1514,13
1515,9
1516,5
1517,13
1518,7
1519,9
1520,10
1521,9
1522,12
1523,9
1524,9
1525,9
1526,9
1527,10
1528,9
1530,9
1531,8
1532,9
1533,9
1534,6
1535,11
1536,11
1538,9
1539,16
1540,9
1541,13
1542,9
1543,13
1544,10
1545,7
1546,8
1547,8
1548,11
1549,9
1551,9
1552,9
1553,9
1554,10
1555,10
1556,8
1557,7
1558,9
1559,9
1560,9
1561,9
1562,8
1563,14
1564,9
1565,17
1566,5
1567,17
1569,9
1570,9
1571,13
1572,9
1573,8
1574,9
1575,13
1576,4
1577,5
1578,9
1579,8
1580,5
1581,8
1583,8
1584,9
1585,13
1586,9
1587,10
1588,9
1589,13
1590,11
1592,9
1593,9
1594,9
1595,15
1596,5
1597,9
1598,8
1599,9
1600,7
1601,6
1602,9
1603,9
1604,13
1605,14
1606,9
1609,10
1610,5
1611,9
1612,10
1613,9
1614,8
1615,9
1616,9
1618,5
1619,9
1620,9
1621,9
1622,9
1624,11
1625,9
1626,9
1627,8
1628,7
1629,9
1630,9
1631,9
1632,8
1633,5
1634,5
1635,13
1636,9
1637,9
1638,9
1639,7
1641,9
1642,9
1643,9
1645,11
1646,9
1647,9
1648,9
1649,11
1650,9
1651,8
1652,9
1653,9
1654,9
1655,9
1657,9
1658,9
1659,8
1660,16
1661,9
1662,9
1663,21
1664,10
1665,7
1666,9
1667,5
1668,9
1669,10
1671,9
1672,4
1673,9
1675,13
1676,9
1677,10
1678,8
1679,8
1680,9
1681,8
1682,13
1683,5
1685,17
1686,9
1687,13
1688,13
1689,5
1690,9
1691,9
1692,12
1693,12
1694,13
1695,8
1696,4
1698,11
1699,14
1700,8
1701,8
1702,13
1703,9
1704,8
1705,10
1707,4
1708,9
1709,9
1710,9
1711,9
1712,9
1713,9
1714,9
1718,9
1719,9
1720,8
1721,9
1722,9
1723,9
1724,9
1726,10
1727,9
1728,8
1729,4
1730,9
1731,9
1732,11
1733,9
1734,9
1735,9
1737,9
1738,6
1740,9
1744,8
1745,7
1746,9
1747,12
1748,9
1749,8
1750,16
1751,4
1752,9
1753,10
1754,9
1755,8
1756,12
1757,9
1758,6
1759,10
1760,8
1761,6
1762,11
1763,9
1764,9
1766,8
1767,11
1768,9
1771,9
1772,9
1773,9
1774,9
1775,9
1776,9
1779,9
1780,8
1781,12
1782,13
1783,9
1784,9
1785,10
1786,4
1787,13
1788,13
1789,9
1790,9
1791,9
1793,9
1795,9
1796,9
1797,9
1798,11
1799,5
1800,10
1801,9
1802,13
1803,10
1804,9
1805,9
1806,14
1808,4
1809,9
1810,13
1811,13
1812,9
1813,9
1814,4
1815,9
1816,5
1817,9
1818,4
1819,9
1821,9
1824,5
1825,9
1826,11
1827,9
1828,9
1829,9
1830,13
1831,8
1832,9
1833,9
1834,9
1835,10
1836,9
1837,9
1838,4
1839,9
1840,10
1841,13
1842,9
1843,8
1845,13
1846,9
1847,13
1848,4
1849,9
1851,8
1852,9
1853,9
1855,4
1856,9
1857,9
1858,9
1859,9
1861,5
1862,5
1863,9
1864,5
1865,5
1866,9
1868,9
1870,10
1871,20
1872,21
1874,18
1876,1
1877,9
1878,4
1879,5
1880,9
1881,8
1882,9
1888,8
1889,9
1892,9
1894,9
1895,4
1896,5
1897,9
1898,5
1899,9
1900,9
1901,16
1902,9
1903,10
1904,5
1905,9
1907,9
1908,9
1909,17
1910,9
1911,9
1912,8
1913,9
1914,11
1915,9
1916,13
1917,8
1919,8
1920,9
1922,9
1923,8
1924,9
1925,9
1926,17
1927,8
1928,9
1929,10
1930,10
1931,9
1932,9
1933,9
1934,9
1936,21
1937,8
1938,10
1939,9
1940,12
1941,5
1942,9
1943,10
1946,9
1947,9
1948,13
1949,10
1950,9
1951,13
1952,4
1953,8
1954,9
1955,5
1956,21
1957,13
1958,11
1959,13
1960,13
1961,9
1962,8
1963,9
1965,13
1966,9
1969,9
1971,7
1972,9
1973,10
1974,9
1975,9
1976,13
1978,9
1979,8
1982,9
1983,10
1986,6
1987,9
1988,11
1989,8
1990,12
1991,9
1992,8
1993,9
1994,10
1995,9
1996,9
1997,9
1998,8
1999,5
2000,10
2001,11
2002,9
2004,9
2005,9
2006,9
2007,9
2010,9
2011,4
2013,9
2014,15
2015,8
2016,14
2020,4
2021,9
2025,9
2028,9
2030,9
2031,9
2032,6
2033,6
2035,8
2036,13
2037,9
2038,9
2039,9
2043,5
2044,12
2046,9
2047,9
2048,9
2050,9
2051,9
2052,9
2053,9
2054,8
2055,10
2056,12
2057,9
2058,9
2060,8
2061,9
2062,9
2063,9
2065,9
2066,10
2069,9
2070,9
2071,5
2073,8
2075,9
2077,9
2078,9
2079,18
2080,8
2081,9
2082,8
2083,13
2084,21
2086,9
2087,4
2088,9
2089,16
2091,13
2092,9
2093,9
2094,9
2097,9
2098,15
2099,13
2100,9
2101,9
2102,9
2104,13
2105,4
2106,10
2107,9
2110,8
2111,10
2113,9
2114,15
2115,9
2116,12
2117,8
2119,6
2120,9
2121,9
2123,7
2124,5
2125,5
2126,12
2127,9
2130,9
2131,13
2132,9
2133,7
2134,9
2135,13
2136,9
2137,8
2138,9
2140,8
2142,10
2143,9
2146,14
2147,16
2149,9
2150,11
2151,9
2152,13
2153,9
2154,8
2156,12
2159,12
2160,9
2161,9
2164,9
2165,6
2166,10
2173,7
2175,10
2176,13
2177,5
2178,9
2181,9
2183,9
2186,5
2187,9
2188,4
2189,9
2190,9
2191,9
2192,18
2193,9
2194,9
2196,9
2197,9
2198,5
2199,9
2201,13
2202,9
2204,4
2206,8
2207,6
2209,9
2210,9
2211,9
2213,11
2214,12
2215,5
2218,9
2221,10
2223,5
2224,9
2226,9
2231,9
2234,9
2235,6
2237,13
2238,9
2239,10
2241,8
2242,8
2243,9
2244,9
2245,9
2246,6
2247,9
2249,9
2250,9
2251,9
2253,9
2256,7
2257,11
2258,8
2259,9
2262,17
2264,9
2265,9
2266,9
2269,10
2270,9
2271,9
2273,9
2274,9
2275,5
2276,9
2277,9
2280,9
2285,13
2286,14
2288,8
2289,16
2291,9
2292,9
2293,4
2295,9
2297,8
2306,13
2307,10
2308,9
2309,9
2310,9
2311,9
2312,13
2313,9
2314,10
2315,9
2316,9
2317,8
2319,8
2320,9
2321,9
2322,8
2323,8
2325,8
2326,9
2328,9
2330,9
2332,9
2333,4
2335,5
2337,13
2338,9
2339,8
2345,3
2348,9
2350,8
2351,9
2352,9
2354,9
2355,9
2357,1
2358,18
2359,9
2360,8
2361,5
2362,7
2367,9
2369,8
2370,12
2375,4
2376,8
2385,9
2386,9
2387,13
2388,12
2391,6
2392,12
2393,9
2394,8
2395,9
2397,9
2399,10
2400,9
2401,9
2402,13
2403,9
2404,10
2405,15
2406,9
2413,7
2414,8
2415,12
2417,9
2418,10
2421,9
2422,4
2424,9
2426,17
2427,10
2428,9
2429,9
2430,9
2431,7
2432,10
2433,8
2434,9
2437,17
2438,9
2439,8
2440,19
2441,9
2442,7
2444,9
2447,5
2448,5
2450,13
2451,4
2452,4
2453,9
2455,17
2456,6
2457,9
2458,10
2459,14
2462,7
2468,6
2469,9
2471,15
2472,9
2473,9
2474,13
2475,8
2476,9
2477,9
2479,9
2482,9
2484,9
2485,9
2486,7
2488,13
2490,8
2491,9
2492,10
2493,5
2494,9
2495,8
2496,9
2499,12
2500,9
2504,13
2505,9
2506,9
2507,10
2508,13
2509,5
2510,9
2511,9
2512,9
2513,9
2515,9
2516,13
2517,9
2520,9
2522,10
2523,8
2526,9
2527,8
2529,11
2530,9
2531,10
2532,9
2533,12
2534,9
2536,10
2537,14
2538,9
2539,8
2541,9
2542,9
2544,5
2545,9
2546,8
2547,11
2548,1
2549,9
2550,9
2552,14
2553,8
2554,9
2556,12
2557,9
2558,8
2559,8
2562,4
2563,8
2564,11
2565,10
2566,13
2567,5
2568,5
2571,9
2573,2
2575,9
2576,13
2580,11
2581,9
2583,6
2584,8
2586,9
2587,8
2591,12
2592,9
2593,9
2594,8
2595,13
2596,12
2598,9
2599,9
2600,10
2605,8
2606,9
2607,9
2608,15
2609,9
2610,9
2612,14
2613,8
2615,9
2616,17
2617,9
2618,9
2619,9
2620,9
2621,8
2626,13
2627,9
2628,9
2630,9
2631,8
2632,9
2634,9
2636,4
2637,12
2639,7
2643,4
2644,9
2645,8
2646,9
2647,9
2648,11
2649,9
2652,9
2653,9
2656,9
2657,9
2658,13
2659,8
2662,9
2665,9
2666,12
2667,8
2668,9
2671,10
2672,9
2678,8
2679,9
2680,8
2681,9
2682,9
2684,21
2685,4
2686,7
2687,9
2688,9
2690,9
2691,9
2692,8
2693,9
2694,10
2695,13
2696,9
2697,9
2699,3
2700,8
2702,9
2703,9
2704,9
2705,9
2706,9
2708,9
2712,12
2713,9
2714,10
2715,14
2716,9
2717,10
2718,10
2720,9
2722,9
2723,9
2724,10
2725,13
2726,12
2727,10
2728,9
2729,8
2730,9
2731,2
2732,11
2733,5
2734,9
2735,9
2739,9
2740,13
2741,12
2742,8
2743,9
2744,9
2745,9
2748,15
2749,9
2751,5
2752,5
2753,8
2754,9
2755,9
2757,8
2758,10
2760,9
2761,9
2762,9
2764,9
2766,9
2767,8
2768,8
2769,10
2771,8
2772,9
2773,4
2774,14
2777,9
2778,9
2779,3
2780,13
2781,13
2782,9
2783,9
2784,9
2785,9
2786,8
2787,7
2788,8
2789,13
2793,9
2794,9
2795,9
2796,13
2801,10
2803,8
2804,9
2805,9
2806,11
2807,8
2808,9
2809,13
2810,9
2811,9
2812,9
2813,9
2814,10
2815,9
2816,8
2817,2
2819,8
2820,9
2821,9
2822,9
2823,13
2826,8
2827,10
2828,4
2831,9
2832,9
2833,9
2835,3
2836,9
2837,9
2838,9
2840,5
2842,9
2843,14
2844,13
2845,9
2846,9
2847,9
2849,9
2852,9
2855,9
2856,9
2857,9
2858,7
2859,9
2860,9
2861,13
2862,13
2863,4
2864,10
2865,4
2866,4
2867,9
2869,9
2872,9
2873,9
2874,13
2875,9
2876,8
2877,8
2878,9
2880,9
2881,11
2882,5
2883,5
2884,9
2886,9
2887,12
2889,9
2890,8
2891,9
2892,4
2893,9
2905,9
2906,16
2907,5
2908,9
2910,8
2911,17
2912,9
2913,9
2914,10
2915,12
2916,12
2917,11
2918,8
2919,2
2920,13
2921,12
2922,9
2923,21
2924,8
2925,8
2926,8
2927,9
2928,9
2929,9
2932,9
2933,12
2934,9
2935,11
2936,9
2937,9
2938,9
2939,9
2940,4
2941,9
2947,9
2948,8
2949,5
2950,14
2951,15
2952,9
2955,9
2956,6
2957,9
2958,9
2959,8
2960,4
2962,14
2963,9
2966,8
2967,13
2968,13
2973,9
2974,8
2975,9
2976,9
2977,9
2978,9
2979,9
2980,9
2981,8
2984,7
2985,9
2986,9
2987,9
2988,8
2989,8
2990,11
2991,9
2992,17
2993,9
2994,13
2995,8
2996,9
2998,4
3004,8
3007,8
3008,10
3011,9
3013,9
3014,9
3015,9
3017,9
3019,4
3020,5
3021,5
3022,9
3023,5
3025,4
3026,8
3030,4
3031,13
3032,7
3033,6
3034,9
3036,4
3037,8
3039,4
3042,9
3044,9
3046,17
3047,10
3048,5
3049,9
3050,9
3052,9
3053,7
3055,9
3057,9
3059,9
3062,14
3065,5
3066,14
3067,7
3068,8
3069,9
3070,8
3071,7
3072,7
3074,8
3075,18
3077,9
3080,9
3082,5
3083,5
3084,8
3086,4
3088,11
3090,9
3093,13
3094,13
3096,5
3097,6
3098,9
3099,9
3101,6
3102,5
3103,9
3104,13
3106,10
3111,9
3112,9
3116,9
3119,19
3121,4
3123,8
3125,5
3126,5
3127,5
3128,4
3131,8
3132,5
3133,9
3135,9
3136,15
3137,9
3140,8
3142,9
3143,9
3144,9
3145,8
3146,9
3147,5
3149,6
3150,9
3151,9
3152,8
3153,9
3154,9
3155,8
3156,11
3157,9
3161,9
3162,9
3166,10
3167,12
3168,3
3169,9
3170,7
3171,9
3172,9
3173,9
3175,5
3176,4
3177,5
3178,9
3179,7
3180,9
3182,9
3183,9
3184,9
3185,8
3186,9
3188,8
3191,9
3192,9
3197,12
3198,9
3199,5
3201,9
3202,3
3205,9
3206,9
3207,14
3208,9
3209,6
3210,9
3211,4
3213,9
3214,13
3215,13
3216,13
3217,9
3218,8
3219,10
3220,9
3221,9
3222,9
3224,9
3225,10
3226,11
3227,5
3229,9
3230,9
3232,10
3233,9
3234,9
3235,10
3237,10
3238,8
3239,9
3241,9
3243,13
3245,8
3247,4
3248,9
3249,9
3250,9
3251,9
3254,10
3255,9
3257,5
3258,13
3259,17
3260,9
3261,9
3262,9
3265,10
3267,9
3268,9
3269,7
3270,9
3271,10
3273,9
3274,9
3275,8
3276,12
3277,9
3278,10
3279,9
3280,9
3283,8
3284,9
3285,8
3286,9
3287,8
3288,9
3289,9
3290,9
3293,9
3294,8
3295,9
3296,10
3297,10
3298,11
3299,9
3300,9
3302,9
3303,9
3304,9
3305,9
3306,9
3307,13
3308,13
3309,13
3310,13
3311,11
3313,4
3314,9
3315,9
3316,8
3317,9
3319,9
3320,10
3322,13
3324,9
3328,9
3329,9
3330,9
3331,10
3332,17
3334,9
3336,9
3340,9
3341,9
3342,9
3344,13
3347,13
3348,9
3349,13
3350,9
3351,9
3352,9
3354,9
3355,9
3356,8
3357,9
3360,10
3362,9
3363,13
3364,4
3366,7
3367,9
3369,4
3370,14
3371,9
3372,13
3377,10
3379,8
3380,9
3381,10
3382,9
3383,10
3384,8
3385,8
3386,12
3387,19
3388,8
3389,8
3390,9
3391,10
3392,9
3394,7
3395,10
3397,7
3400,8
3401,9
3402,9
3403,9
3404,4
3406,8
3407,9
3408,9
3415,13
3417,14
3418,13
3419,9
3420,7
3423,14
3424,2
3425,10
3427,9
3428,10
3430,9
3431,9
3432,8
3433,9
3434,10
3435,8
3436,9
3439,13
3441,8
3445,9
3447,12
3451,9
3452,9
3453,6
3454,5
3457,9
3459,9
3460,13
3461,9
3462,8
3463,13
3464,9
3465,9
3471,9
3472,13
3473,8
3474,14
3476,9
3477,12
3478,12
3479,12
3480,9
3482,9
3483,11
3484,13
3485,9
3486,9
3487,8
3488,9
3492,8
3493,9
3494,8
3495,9
3496,5
3497,8
3498,4
3499,9
3500,9
3502,9
3503,9
3505,9
3506,9
3508,9
3509,9
3510,10
3511,10
3512,9
3513,4
3515,8
3516,10
3517,9
3518,9
3522,9
3523,9
3524,8
3525,9
3526,13
3527,13
3528,9
3529,6
3530,8
3531,9
3533,5
3534,5
3535,11
3537,8
3538,13
3542,9
3549,13
3566,5
3567,8
3568,11
3569,9
3570,10
3571,9
3572,9
3573,9
3574,5
3578,12
3579,9
3580,9
3581,9
3582,5
3583,8
3587,9
3588,9
3589,9
3590,9
3591,9
3593,9
3594,9
3595,9
3596,9
3597,9
3599,8
3600,8
3601,8
3602,9
3604,9
3607,9
3608,9
3609,9
3610,8
3612,9
3614,4
3615,9
3616,10
3617,9
3620,10
3621,8
3622,4
3623,10
3624,4
3625,9
3626,9
3627,8
3628,8
3630,9
3631,9
3632,5
3635,3
3637,6
3638,6
3640,8
3641,9
3643,10
3644,13
3645,9
3648,5
3650,5
3652,9
3655,9
3656,8
3658,9
3659,9
3660,9
3661,13
3700,9
3701,11
3702,14
3703,9
3705,9
3709,8
3712,9
3717,9
3722,8
3723,3
3724,4
3725,8
3726,9
3727,6
3728,8
3729,9
3730,9
3731,9
3732,9
3733,13
3734,9
3739,14
3741,10
3742,9
3743,2
3745,2
3747,7
3748,9
3749,9
3750,5
3751,9
3752,5
3753,6
3754,9
3755,8
3756,2
3757,9
3758,8
3760,9
3761,6
3762,10
3763,13
3764,1
3765,9
3766,1
3767,4
3768,10
3770,13
3771,9
3772,9
3773,9
3775,9
3777,9
3778,9
3779,5
3781,6
3782,13
3783,9
3784,5
3785,13
3786,8
3788,8
3789,8
3790,9
3791,9
3792,8
3794,9
3796,8
3798,8
3799,9
3801,9
3805,5
3806,5
3807,9
3809,9
3811,9
3812,14
3814,9
3815,8
3817,9
3822,4
3823,9
3824,5
3825,9
3826,9
3827,9
3828,9
3829,9
3831,13
3833,9
3835,9
3837,6
3840,8
3841,9
3842,9
3844,9
3845,9
3846,9
3847,8
3848,9
3850,8
3851,8
3852,9
3853,13
3856,6
3857,9
3858,13
3860,8
3861,9
3862,22
3864,13
3865,7
3867,5
3868,9
3869,9
3870,9
3872,13
3874,9
3875,4
3876,13
3877,8
3878,2
3879,5
3883,9
3884,8
3886,8
3887,7
3888,9
3889,7
3891,12
3893,10
3894,9
3896,9
3897,9
4029,3
4046,9
4048,5
4053,4
4057,13
4061,4
4064,12
4100,5
4103,9
4105,12
4108,9
4109,4
4114,10
4126,9
4127,9
4128,4
4129,9
4131,10
4134,8
4137,9
4138,9
4139,9
4140,6
4141,8
4142,9
4143,8
4144,10
4145,9
4147,6
4149,8
4157,6
4159,9
4160,5
4161,9
4162,8
4163,6
4164,9
4165,10
4166,9
4167,8
4168,8
4169,6
4171,8
4173,7
4174,5
4176,9
4178,9
4180,13
4182,8
4183,12
4184,10
4185,9
4187,9
4188,10
4189,9
4191,9
4193,11
4194,9
4195,9
4196,5
4198,8
4200,9
4201,8
4202,8
4206,1
4208,5
4209,9
4210,3
4211,9
4215,7
4216,8
4217,5
4218,9
4219,9
4220,10
4221,9
4223,9
4224,9
4226,9
4228,4
4230,9
4231,9
4232,9
4233,9
4234,4
4235,11
4237,9
4238,12
4239,9
4240,7
4241,9
4243,9
4244,8
4246,4
4247,10
4249,9
4250,8
4251,3
4252,9
4253,8
4254,4
4255,9
4256,9
4257,9
4258,9
4259,5
4260,9
4261,3
4262,13
4263,5
4264,9
4269,11
4270,7
4272,8
4273,10
4274,9
4275,6
4277,13
4278,9
4279,8
4281,8
4282,8
4283,8
4284,5
4285,9
4286,7
4288,5
4289,9
4293,9
4295,9
4296,7
4298,10
4299,10
4301,5
4303,7
4306,6
4309,8
4318,9
4321,9
4322,13
4323,9
4324,10
4325,9
4330,10
4331,4
4332,13
4333,9
4334,13
4335,5
4336,5
4337,9
4339,8
4340,9
4341,10
4342,8
4345,3
4350,9
4353,5
4354,9
4356,8
4357,9
4358,9
4359,9
4360,5
4362,1
4366,13
4367,7
4368,13
4369,5
4370,10
4372,8
4374,5
4377,7
4378,11
4379,9
4380,3
4381,9
4383,9
4384,9
4389,9
4392,9
4394,9
4395,9
4399,9
4403,13
4405,7
4407,10
4409,8
4410,9
4412,13
4413,9
4414,9
4415,14
4416,12
4417,9
4420,9
4423,9
4424,8
4425,9
4427,13
4428,9
4430,9
4435,9
4436,9
4438,9
4439,7
4440,9
4444,9
4445,6
4446,9
4450,6
4451,9
4452,4
4457,9
4458,9
4459,9
4460,9
4472,9
4473,10
4474,7
4475,9
4476,9
4477,9
4479,9
4482,10
4483,9
4484,9
4487,11
4488,9
4497,9
4498,9
4499,10
4504,9
4506,9
4508,9
4509,9
4511,9
4514,9
4520,13
4521,9
4523,10
4524,9
4526,15
4529,8
4531,8
4533,13
4538,10
4540,9
4543,9
4553,9
4554,9
4556,9
4557,9
4558,9
4560,9
4564,11
4567,5
4568,9
4569,4
4570,8
4574,9
4580,8
4581,8
4583,9
4584,9
4588,9
4593,11
4594,9
4595,10
4597,10
4599,8
4600,9
4601,9
4603,9
4606,9
4607,9
4609,9
4611,9
4615,9
4616,8
4617,17
4623,10
4627,9
4631,7
4635,9
4636,13
4637,9
4638,10
4639,4
4641,9
4648,9
4657,8
4659,9
4660,8
4664,9
4667,13
4669,9
4677,13
4678,12
4679,9
4681,13
4682,9
4683,9
4686,13
4689,4
4690,14
4695,9
4696,9
4697,9
4699,9
4700,4
4702,5
4703,4
4704,5
4706,9
4707,3
4709,5
4710,4
4711,4
4712,6
4713,4
4718,2
4720,4
4721,5
4724,4
4728,5
4729,5
4730,3
4731,3
4732,5
4735,5
4738,5
4739,4
4740,5
4741,5
4742,4
4743,4
4747,4
4750,2
4755,5
4757,7
4759,5
4761,4
4763,4
4764,5
4767,6
4768,5
4769,5
4772,5
4774,5
4775,5
4778,4
4780,4
4781,4
4782,4
4783,4
4784,4
4785,4
4787,5
4788,5
4789,5
4790,4
4794,4
4795,4
4797,3
4798,3
4799,5
4801,5
4802,4
4804,4
4805,4
4810,4
4812,3
4815,5
4817,4
4818,5
4819,5
4820,4
4822,5
4824,7
4825,5
4829,4
4830,5
4831,4
4835,4
4836,3
4837,4
4839,4
4843,4
4846,4
4849,9
4850,4
4851,5
4852,5
4856,4
4857,5
4860,3
4861,4
4865,8
4870,3
4871,5
4873,5
4874,5
4875,6
4878,5
4879,5
4901,4
4905,5
4906,4
4908,4
4911,4
4914,5
4915,5
4917,4
4920,5
4926,4
4927,5
4930,2
4933,4
4936,4
4938,4
4939,5
4942,4
4944,4
4945,2
4946,3
4947,3
4950,2
4955,4
4958,4
4961,4
4962,4
4963,3
4967,10
4972,4
4973,4
4974,4
4977,4
4982,4
4983,4
4985,5
4989,4
4990,4
4991,4
4992,4
4996,3
4998,5
4999,5
5002,5
5005,10
5007,9
5013,9
5014,9
5015,5
5017,4
5021,9
5022,13
5023,4
5024,10
5025,9
5027,10
5028,7
5029,9
5030,9
5031,9
5032,8
5033,5
5034,13
5035,17
5036,13
5037,14
5038,8
5041,9
5042,8
5043,8
5044,9
5045,10
5046,9
5048,9
5049,1
5051,5
5054,13
5055,13
5056,10
5057,9
5058,9
5060,8
5063,8
5064,9
5065,9
5066,8
5068,9
5070,9
5071,9
5072,9
5073,8
5074,9
5075,8
5076,9
5078,11
5079,13
5080,9
5082,5
5083,7
5085,9
5087,12
5088,9
5090,9
5091,10
5092,8
5093,17
5094,9
5096,9
5097,9
5098,9
5099,9
5100,9
5101,9
5104,9
5105,13
5106,4
5107,9
5108,13
5109,8
5110,10
5113,9
5115,9
5116,8
5117,10
5118,9
5119,9
5120,8
5122,8
5123,4
5124,9
5126,9
5127,9
5132,13
5133,13
5134,10
5136,9
5137,5
5138,9
5139,9
5140,4
5141,9
5144,10
5145,11
5146,10
5147,9
5149,9
5150,10
5151,8
5152,7
5154,9
5155,9
5156,9
5157,9
5159,9
5160,9
5162,9
5164,7
5165,9
5166,9
5167,9
5168,9
5170,9
5172,13
5173,8
5174,9
5175,9
5179,9
5180,9
5181,8
5183,12
5184,17
5185,17
5186,9
5190,9
5191,9
5192,9
5193,9
5195,9
5196,8
5197,9
5199,9
5202,8
5203,9
5205,9
5206,8
5207,9
5210,5
5211,9
5215,13
5216,8
5218,13
5220,13
5221,12
5224,7
5226,9
5227,8
5230,9
5231,8
5232,5
5233,9
5234,9
5235,10
5236,17
5240,11
5242,9
5244,9
5245,9
5246,9
5247,9
5250,13
5251,8
5252,8
5253,12
5254,9
5255,13
5257,9
5258,9
5259,8
5260,12
5261,11
5262,9
5263,9
5264,14
5266,13
5269,8
5270,8
5272,9
5273,8
5274,12
5275,8
5276,9
5280,4
5282,9
5285,9
5286,9
5287,9
5288,9
5290,9
5292,9
5293,10
5295,10
5296,9
5297,9
5298,9
5299,14
5300,13
5301,13
5303,9
5304,9
5305,11
5306,9
5307,9
5308,9
5309,9
5311,9
5312,9
5313,15
5314,8
5316,9
5317,9
5319,9
5320,9
5321,9
5325,9
5326,13
5327,9
5328,9
5329,9
5330,9
5331,9
5332,9
5334,5
5335,9
5337,9
5338,8
5341,5
5342,9
5343,13
5346,9
5348,12
5349,9
5350,9
5352,4
5355,8
5359,9
5361,9
5363,9
5365,17
5366,13
5368,9
5369,9
5370,5
5372,6
5373,9
5374,9
5376,9
5385,9
5386,13
5387,9
5388,10
5389,10
5390,9
5391,13
5392,9
5394,11
5396,9
5397,7
5398,9
5399,9
5402,4
5403,9
5404,5
5406,9
5408,8
5409,5
5410,9
5411,9
5416,9
5417,9
5418,9
5419,8
5420,14
5422,9
5423,9
5424,9
5425,8
5426,8
5428,9
5429,9
5430,9
5432,4
5433,9
5434,9
5435,12
5437,4
5438,9
5440,9
5441,9
5442,9
5443,8
5444,13
5449,10
5451,13
5453,13
5455,13
5457,12
5458,9
5460,10
5462,9
5463,5
5466,15
5471,9
5472,9
5477,13
5478,5
5479,9
5480,8
5481,9
5482,8
5485,4
5486,9
5487,9
5488,13
5489,5
5491,10
5492,9
5493,11
5494,9
5497,21
5498,18
5499,9
5600,9
5601,9
5602,10
5603,6
5604,6
5605,5
5606,9
5608,8
5609,8
5610,4
5611,8
5612,13
5613,9
5614,6
5615,10
5616,9
5617,5
5622,9
5623,10
5624,7
5625,5
5626,10
5627,9
5628,7
5629,9
5632,6
5633,8
5634,9
5635,9
5637,9
5638,9
5639,8
5640,11
5641,9
5642,5
5643,8
5644,9
5645,8
5646,9
5647,8
5653,12
5654,7
5657,8
5658,10
5659,9
5661,7
5663,4
5664,5
5666,9
5667,7
5668,6
5669,9
5670,10
5671,9
5672,7
5673,8
5675,7
5676,5
5678,9
5683,8
5684,9
5685,5
5687,8
5688,5
5690,12
5691,8
5692,13
5693,13
5695,9
5697,4
5698,11
5701,8
5703,9
5705,12
5706,9
5707,9
5709,9
5710,10
5713,10
5722,9
5727,14
5728,11
5731,9
5732,9
5735,11
5737,9
5738,9
5743,9
5745,9
5747,9
5748,11
5751,10
5753,9
5754,17
5755,9
5758,9
5759,9
5760,9
5761,9
5763,7
5764,9
5766,9
5767,3
5768,9
5772,10
5779,9
5781,8
5783,8
5786,8
5787,9
5797,9
5799,9
5804,8
5805,8
5808,7
5809,9
5810,8
5812,7
5813,9
5814,7
5815,8
5817,13
5818,13
5819,9
5820,13
5823,9
5826,9
5831,13
5832,9
5835,9
5837,13
5839,9
5840,9
5841,8
5842,9
5843,9
5844,9
5845,14
5846,9
5847,9
5848,9
5851,9
5853,9
5854,10
5855,4
5856,4
5857,10
5858,9
5860,8
5863,8
5864,9
5866,9
5869,9
5871,9
5872,17
5873,4
5874,8
5875,9
5876,13
5879,9
5880,8
5882,13
5883,9
5884,7
5886,8
5889,9
5890,9
5893,9
5894,9
5898,9
5899,9
5911,9
5912,9
5929,8
5930,9
5931,9
5932,13
5935,9
5936,9
5938,9
5939,8
5941,9
5945,12
5947,13
5954,8
5956,10
5957,5
5959,10
5960,12
5962,13
5963,8
5965,8
5969,8
5976,8
5977,4
5979,11
5980,9
5981,8
5982,6
5985,4
5986,5
5988,8
5990,5
5991,4
5992,4
5993,9
5994,9
5995,9
5996,8
6078,6
6098,9
6159,9
6166,11
6167,8
6170,8
6172,8
6173,8
6177,5
6178,4
6181,4
6201,4
6203,4
6204,5
6205,5
6212,4
6213,4
6216,4
6217,3
6218,5
6220,4
6226,8
6227,4
6228,4
6235,5
6236,5
6237,4
6238,4
6240,5
6241,4
6242,3
6244,4
6245,5
6246,4
6247,4
6249,5
6252,5
6254,5
6255,4
6256,4
6257,4
6259,6
6260,4
6261,5
6262,4
6263,6
6264,5
6265,4
6267,4
6275,2
6278,3
6301,4
6302,3
6303,5
6304,4
6305,2
6307,3
6308,3
6309,6
6311,4
6312,4
6313,4
6314,3
6315,5
6316,3
6317,4
6318,5
6319,4
6321,4
6322,4
6324,3
6325,4
6326,3
6327,4
6328,4
6329,4
6330,4
6331,5
6333,4
6334,4
6335,5
6336,4
6337,4
6338,5
6339,5
6341,4
6342,4
6343,5
6344,5
6345,3
6346,4
6347,5
6348,4
6349,4
6350,5
6351,5
6352,5
6353,5
6354,5
6355,3
6356,4
6358,4
6359,4
6361,5
6363,5
6364,4
6365,5
6366,5
6367,5
6368,5
6372,4
6373,3
6375,3
6376,5
6378,5
6379,5
6380,3
6381,4
6382,3
6384,4
6385,2
6386,4
6387,5
6388,4
6390,3
6392,9
6394,9
6400,9
6401,4
6402,4
6403,5
6404,3
6405,4
6406,5
6407,4
6408,4
6409,4
6410,4
6412,5
6413,4
6415,5
6416,5
6417,4
6419,4
6420,4
6421,4
6422,5
6423,5
6424,3
6425,4
6427,5
6428,4
6429,3
6431,5
6432,4
6433,4
6435,5
6436,3
6437,5
6439,4
6440,4
6441,4
6443,3
6444,4
6445,4
6447,4
6448,4
6449,5
6450,4
6452,4
6453,4
6454,3
6455,5
6456,5
6457,4
6458,5
6459,8
6461,4
6462,3
6463,4
6464,4
6470,4
6471,4
6472,4
6474,5
6479,4
6485,4
6487,4
6488,4
6489,4
6500,9
6501,4
6502,4
6503,4
6506,4
6507,4
6509,4
6510,5
6512,4
6514,4
6517,4
6518,4
6520,4
6521,5
6524,5
6526,4
6527,4
6528,3
6535,5
6539,5
6540,3
6544,3
6548,12
6556,3
6562,4
6565,6
6568,5
6569,3
6570,4
6571,4
6572,3
6573,3
6574,7
6576,10
6577,8
6578,6
6582,4
6585,2
6586,8
6588,6
6589,8
6590,5
6601,4
6602,4
6603,4
6604,5
6605,4
6606,4
6608,5
6609,5
6610,5
6611,5
6612,5
6613,5
6614,5
6615,5
6616,5
6617,5
6619,5
6620,5
6621,5
6622,5
6623,5
6624,5
6625,6
6626,6
6627,4
6628,5
6630,6
6636,3
6637,4
6642,5
6643,4
6644,4
6646,4
6657,4
6658,4
6659,4
6660,5
6661,4
6662,4
6663,4
6664,5
6665,3
6666,5
6667,5
6668,3
6669,4
6671,5
6672,4
6673,5
6674,4
6682,2
6683,2
6684,3
6686,3
6687,5
6688,5
6692,4
6798,6
6813,12
6814,9
6828,8
6849,10
6850,10
6851,7
6867,4
6876,4
6933,9
6937,13
6942,6
6943,4
6953,13
6960,10
6962,7
6968,4
6971,13
6975,4
6997,9
6998,8
7004,7
7043,3
7062,7
7072,5
7098,11
7127,5
7129,3
7146,9
7162,9
7168,3
7180,9
7205,3
7207,8
7209,7
7217,6
7218,9
7222,9
7224,5
7232,4
7235,6
7238,11
7240,5
7241,3
7245,9
7246,5
7247,7
7249,8
7309,6
7315,9
7317,4
7329,5
7334,10
7342,6
7357,6
7361,7
7362,6
8024,6
8102,4
8104,5
8106,5
8111,4
8112,4
8114,4
8115,5
8116,4
8117,3
8119,4
8120,4
8123,6
8125,5
8126,4
8128,4
8129,4
8130,7
8131,3
8132,3
8133,5
8134,5
8135,4
8136,3
8137,4
8138,4
8139,4
8140,4
8141,4
8142,4
8143,4
8146,5
8148,5
8149,4
8150,4
8151,5
8153,4
8154,3
8155,4
8156,5
8157,4
8162,4
8163,5
8164,5
8165,5
8166,4
8167,4
8168,4
8169,4
8170,4
8171,5
8172,1
8173,4
8174,4
8177,4
8178,4
8179,4
8180,4
8181,4
8182,5
8183,5
8184,4
8185,4
8186,4
8188,5
8189,5
8190,4
8192,5
8194,4
8196,3
8197,5
8198,3
8201,5
8202,5
8203,4
8204,4
8205,6
8207,5
8208,3
8209,5
8210,4
8211,4
8212,4
8213,5
8214,4
8215,5
8217,5
8218,4
8219,3
8220,4
8221,5
8222,3
8223,3
8224,5
8225,4
8226,5
8227,5
8228,4
8236,5
8237,4
8238,4
8239,3
8241,3
8242,4
8243,5
8244,5
8245,4
8246,5
8247,4
8248,5
8250,4
8251,6
8252,4
8253,4
8255,3
8256,4
8257,4
8258,4
8259,4
8261,4
8262,5
8263,4
8264,5
8265,4
8266,5
8268,4
8269,4
8270,5
8271,4
8273,5
8274,5
8275,5
8276,4
8277,4
8278,5
8279,5
8280,4
8281,5
8282,4
8283,4
8284,5
8285,6
8286,4
8287,4
8288,4
8289,4
8290,4
8291,4
8292,4
8293,5
8294,5
8295,1
8296,5
8297,4
8298,4
8299,4
13001,1
17613,2
60538,4
205840,4
445213,9
503592,4
6053880,32
#3868   ,4
?,20
01610A  ,4
01619A  ,9
01673A  ,9
01731A  ,8
01813A  ,9
01966A  ,9
01993A  ,9
02785A  ,9
02859A  ,8
03280A  ,8
0341 A  ,8
0342 A  ,5
03760A  ,5
03842A  ,9
05282A  ,8
05366L  ,6
0982-1  ,4
100a    ,9
1032LIQ ,4
1038-1  ,5
1090-02 ,4
1139C   ,2
1172-02 ,4
1190H   ,5
1202-1  ,13
1205-02 ,14
1225-02 ,4
1245A   ,7
1297-1  ,4
1316 S  ,9
1362L   ,2
1444-02 ,5
1572B   ,8
1575A   ,9
1627A   ,4
1744A   ,8
1786-1  ,4
1797C   ,8
1806-M  ,3
1806-W  ,12
1819-1  ,5
1831B   ,9
1942A   ,4
1961-2  ,2
2043-1  ,5
2088-1  ,8
2135-C  ,3
2135-W  ,10
2146-M  ,3
2146-W  ,10
2159-M  ,9
2166A   ,8
2183B   ,9
2224-H  ,7
2238EOSA,4
2332-H  ,9
2421-1  ,6
2448-1  ,5
2530-H  ,8
2581A   ,9
2613-M  ,8
2642-1  ,5
2643-1  ,4
2682-H  ,8
2812A   ,5
29S     ,8
3075LIQ ,4
3119LIQ ,3
3140A   ,8
3308-02 ,5
3310L   ,5
3347a   ,9
3348-1  ,4
3349L   ,5
3513-1  ,4
3534-1  ,5
3600FK  ,3
3607-1  ,9
3610H   ,4
3625-1  ,9
3702-02 ,5
373A    ,2
3782-A  ,5
3817L   ,4
3887a   ,9
3894A   ,5
4108B   ,7
4142L   ,4
4211L   ,9
4257A   ,9
4260A   ,4
4262-1  ,4
4380LIQ ,4
5035A   ,2
507A    ,9
5089-1  ,5
5090-1  ,9
5106A   ,13
5179L   ,9
519H    ,3
51S     ,4
5221L   ,5
5236-L  ,9
5255A   ,6
5300A   ,5
5451A   ,9
5453A   ,4
5471-M  ,8
571H    ,9
5760A   ,4
5845L   ,4
5977-1  ,4
818LIQ  ,1
825H    ,2
968a    ,11
A3417   ,5
A7129   ,1
C3637   ,4
EOS1791A,4
H159    ,7
H189    ,9
H1940   ,10
H1997   ,8
H2056   ,11
H2116   ,12
H2152   ,12
H2264   ,5
H2370   ,10
H2415   ,9
H2424   ,6
H25     ,8
H2844   ,11
H2874   ,13
H3334   ,9
H3583   ,7
H40     ,8
H4403   ,13
H5477   ,8
H609    ,9
H783    ,4
H80     ,9
N3157   ,8
N3219   ,9
Grand Total,38147
