Store Number,Total Footage
1,60
2,80
3,24
4,65
7,40
9,65
10,32
11,41
12,32
13,24
14,56
15,47
17,56
18,68
19,72
20,24
21,53
22,41
23,56
25,41
26,24
27,24
28,41
29,88
30,24
31,40
32,44
34,60
35,40
37,56
38,24
39,24
40,56
41,40
42,28
43,24
44,16
46,32
47,36
48,24
49,24
50,24
51,24
52,69
54,60
56,48
59,60
60,48
61,40
62,49
63,32
64,36
65,64
68,44
69,72
70,40
72,32
73,39
74,36
76,48
77,44
78,32
79,29
80,32
81,24
82,24
83,60
85,72
86,56
88,59
89,57
90,24
91,32
92,24
93,40
94,72
95,69
96,72
97,36
98,32
99,28
100,101
101,68
102,44
103,40
104,40
106,40
107,32
108,24
109,44
111,24
112,61
113,32
115,24
116,25
117,8
120,32
121,24
122,24
123,24
124,54
125,41
126,64
129,40
130,36
132,24
134,24
135,60
136,12
137,40
138,32
139,24
140,60
144,56
145,32
146,16
147,60
148,73
149,40
150,56
151,40
152,60
155,48
156,16
158,16
159,109
160,48
161,44
162,28
163,72
165,48
166,36
168,41
170,72
171,24
172,68
173,24
174,56
175,40
177,48
178,28
179,60
180,48
182,41
183,24
184,68
185,61
186,45
188,40
189,40
190,24
192,73
194,61
195,40
196,76
197,45
198,52
199,40
200,48
201,40
203,24
204,16
205,48
206,63
207,36
208,8
209,17
210,12
211,48
212,41
213,49
214,56
215,8
217,60
218,16
219,56
220,72
221,24
222,48
225,24
227,24
228,72
230,16
231,35
232,8
233,24
234,81
236,55
237,68
238,24
239,24
240,56
242,24
243,52
244,24
246,24
247,8
248,48
249,48
250,48
251,56
252,24
253,56
256,60
257,36
258,56
259,40
260,72
261,45
262,55
264,56
265,56
266,61
267,24
268,77
269,40
271,24
272,61
275,56
276,24
277,40
278,52
280,28
282,48
283,20
284,72
285,60
286,69
287,56
288,77
289,20
290,63
292,72
293,20
294,28
295,48
297,61
298,69
299,64
300,64
301,40
302,24
303,24
304,41
305,24
306,40
307,56
308,24
309,73
310,72
311,45
312,44
313,56
314,56
315,16
316,24
318,48
319,61
320,24
321,48
322,56
324,24
325,60
326,12
327,12
328,48
329,40
330,64
331,80
332,40
334,24
335,64
337,24
338,32
340,24
341,20
342,24
343,24
344,72
345,72
346,24
347,32
350,24
352,12
354,24
355,77
356,61
357,24
359,44
360,24
361,76
362,52
363,60
364,60
365,57
366,24
368,32
369,24
370,24
371,80
372,40
373,60
374,24
375,84
376,72
378,8
379,60
381,48
382,32
383,60
384,36
385,12
386,68
387,24
388,32
389,40
390,24
391,56
392,28
393,69
394,24
395,60
396,56
397,92
398,32
399,24
400,108
401,24
402,48
403,40
404,40
405,56
406,56
407,96
408,61
409,36
410,72
412,48
413,48
414,48
415,48
416,68
417,56
418,44
419,24
420,61
421,56
423,40
424,48
425,24
426,61
427,72
428,48
429,72
431,32
432,60
433,56
434,40
435,48
436,72
437,60
438,44
440,48
442,68
443,60
444,57
446,16
447,77
448,60
449,69
450,41
451,32
452,40
453,10
456,65
457,20
458,60
459,40
460,20
461,61
462,61
463,72
464,40
465,36
466,24
467,72
468,73
469,40
470,44
471,57
472,41
473,24
474,12
475,68
476,52
477,24
478,12
479,32
480,7
481,56
482,16
483,72
484,24
485,24
486,24
487,8
488,24
489,72
490,64
491,72
492,60
493,32
494,68
495,61
498,24
499,72
500,65
501,61
502,48
503,16
504,68
505,40
506,37
507,86
508,72
510,52
511,73
512,76
513,41
514,72
515,45
516,48
517,36
518,72
520,41
521,93
522,36
523,16
524,56
526,40
527,48
528,40
529,60
530,52
531,65
532,81
533,73
534,65
535,72
536,56
537,56
538,64
539,41
540,40
541,72
542,84
543,105
544,40
545,20
546,72
547,155
548,65
549,61
551,61
552,20
553,68
554,16
555,40
556,40
557,24
558,24
559,56
560,68
561,52
562,24
563,41
564,41
565,69
566,36
567,25
568,24
571,57
572,69
573,61
574,72
575,72
576,40
577,29
578,72
579,40
580,48
581,41
582,60
583,48
585,77
586,72
587,60
588,61
589,61
590,60
591,86
592,32
593,40
594,40
595,72
596,30
597,41
598,56
599,40
600,60
601,72
602,68
603,103
604,77
605,56
606,37
607,8
608,72
609,61
610,56
611,61
612,48
613,80
614,56
615,72
616,72
617,28
618,40
619,60
620,73
621,44
622,41
623,40
624,48
625,56
626,16
627,24
628,61
629,48
630,76
631,56
632,48
633,24
634,47
635,41
636,60
637,60
638,41
639,40
640,67
641,41
642,24
643,84
644,29
645,72
646,24
647,24
648,72
649,72
650,12
651,72
652,40
653,64
655,72
656,65
657,72
658,68
659,75
660,72
661,88
662,41
663,40
664,37
666,61
667,24
668,56
669,72
670,73
671,40
672,72
673,72
674,40
675,52
676,77
677,40
678,56
680,40
681,48
682,60
683,68
684,69
685,41
686,36
687,40
688,40
689,48
690,40
691,56
692,56
694,40
695,64
696,12
697,145
698,72
699,76
700,32
701,52
702,52
703,41
705,68
706,41
707,24
708,40
709,40
710,60
712,49
713,21
714,32
715,40
716,40
718,168
719,40
720,48
721,68
722,40
723,29
724,32
725,61
726,56
727,24
728,72
729,40
730,56
731,64
733,24
734,88
735,36
736,24
737,40
738,48
740,64
741,40
742,41
743,41
744,61
745,40
746,49
747,21
748,24
749,44
750,24
751,24
752,52
753,60
754,72
755,56
756,28
757,61
758,32
759,24
761,32
762,40
763,36
764,40
765,69
766,64
767,72
768,60
769,151
770,40
771,40
772,56
773,40
774,56
775,40
776,72
777,68
778,117
779,62
780,69
781,72
782,76
783,20
784,24
785,24
786,40
787,40
789,77
790,48
791,64
792,27
793,40
794,31
795,28
796,76
797,56
798,48
799,32
800,40
801,48
802,44
803,44
804,76
805,40
806,92
807,57
808,104
809,72
810,65
811,24
812,60
813,72
814,47
815,60
816,40
817,197
818,241
819,40
820,44
821,68
822,72
823,32
824,48
826,41
828,64
830,20
834,24
835,41
836,41
838,40
839,44
841,12
842,28
843,32
845,12
846,60
847,28
848,36
849,61
850,72
851,48
852,40
853,40
854,28
855,40
856,60
857,41
858,24
859,49
860,56
861,72
862,53
863,36
864,41
865,72
866,60
867,65
868,61
869,24
870,56
871,12
872,76
873,23
874,40
875,69
876,36
877,81
878,72
879,24
880,88
881,56
882,69
883,24
884,52
885,24
886,76
887,24
888,60
889,32
890,61
891,60
892,61
893,
894,40
895,20
896,61
897,51
898,12
899,56
900,60
901,60
902,52
903,40
904,64
905,24
906,49
907,28
908,61
909,40
910,97
911,60
912,72
913,61
914,48
915,58
916,60
917,56
918,68
919,72
921,28
922,32
923,32
924,20
925,41
926,19
927,40
929,61
930,41
931,60
932,77
933,48
934,72
935,93
936,33
937,40
938,41
939,40
940,40
941,37
942,41
943,80
944,52
945,72
946,12
947,72
948,48
949,64
950,72
951,26
953,21
954,24
955,37
956,36
957,20
958,40
959,60
960,36
961,56
962,24
963,72
964,61
965,28
966,17
967,61
968,129
969,72
970,56
971,24
972,61
973,55
974,36
975,41
976,48
977,16
978,40
979,36
980,24
981,41
982,16
984,17
985,36
986,10
987,72
988,39
989,64
990,187
991,61
992,40
993,24
994,56
995,60
996,20
998,24
999,92
1000,40
1001,17
1002,44
1003,60
1004,48
1005,32
1006,48
1007,40
1008,24
1009,60
1010,56
1011,48
1012,41
1013,28
1014,44
1015,40
1016,57
1017,24
1018,24
1019,17
1021,60
1022,56
1023,49
1024,32
1025,40
1026,40
1027,61
1028,44
1029,48
1030,41
1032,48
1033,36
1034,41
1035,52
1036,45
1037,65
1038,81
1039,48
1040,60
1041,40
1042,60
1043,24
1044,56
1045,16
1046,16
1047,41
1050,8
1052,52
1053,41
1054,24
1055,41
1056,24
1057,36
1058,28
1059,32
1060,72
1061,24
1062,60
1063,15
1064,40
1066,81
1067,24
1068,56
1069,24
1070,69
1071,56
1072,73
1073,24
1074,40
1075,40
1076,48
1077,40
1078,12
1079,36
1080,44
1081,57
1082,40
1083,48
1084,41
1085,41
1086,32
1087,40
1088,48
1089,56
1090,137
1091,40
1092,32
1093,48
1094,40
1095,8
1096,32
1097,72
1098,94
1099,40
1100,52
1101,69
1102,69
1103,60
1104,80
1105,40
1106,32
1107,24
1109,24
1110,24
1111,60
1112,41
1115,24
1116,43
1117,112
1118,64
1119,32
1120,44
1121,72
1122,36
1123,41
1125,36
1126,73
1127,32
1128,52
1129,51
1130,52
1131,28
1132,57
1133,40
1134,44
1135,48
1136,56
1137,75
1138,44
1139,65
1140,56
1141,44
1143,40
1144,24
1146,76
1147,44
1148,53
1149,76
1150,56
1151,39
1152,24
1153,41
1154,60
1155,45
1156,41
1157,36
1158,77
1159,12
1160,60
1161,80
1162,32
1163,44
1164,52
1165,81
1166,8
1167,60
1168,69
1169,24
1170,52
1171,48
1172,121
1173,56
1174,48
1175,46
1176,8
1177,71
1178,61
1179,56
1180,24
1181,32
1182,48
1183,61
1184,68
1185,61
1186,76
1187,24
1188,48
1191,57
1192,24
1193,72
1194,65
1195,56
1196,32
1197,41
1198,73
1199,24
1200,28
1201,77
1202,41
1203,68
1204,61
1205,77
1206,68
1207,40
1209,56
1210,40
1211,24
1212,72
1213,48
1214,24
1215,32
1216,72
1217,60
1218,68
1219,41
1220,41
1221,56
1222,65
1223,61
1224,136
1225,121
1226,60
1227,40
1228,71
1229,48
1230,69
1231,12
1232,41
1233,40
1235,40
1236,40
1237,41
1238,56
1239,32
1240,56
1241,88
1242,45
1243,40
1244,56
1245,156
1247,64
1248,41
1249,76
1250,20
1252,8
1253,68
1254,72
1255,85
1256,28
1257,44
1261,56
1262,16
1263,60
1264,41
1265,56
1266,92
1267,45
1268,85
1269,36
1270,52
1271,40
1272,60
1273,24
1274,60
1275,28
1276,40
1277,24
1278,8
1279,61
1280,24
1281,56
1282,24
1283,60
1284,72
1285,61
1286,72
1287,57
1288,24
1289,61
1290,40
1291,16
1292,80
1293,40
1294,60
1295,24
1296,72
1297,93
1298,81
1299,72
1300,72
1301,68
1302,40
1303,52
1304,56
1305,73
1306,61
1307,40
1308,24
1309,40
1310,80
1311,40
1312,85
1313,84
1314,61
1316,56
1317,72
1318,48
1319,40
1320,56
1321,40
1322,76
1324,61
1325,20
1326,76
1327,72
1328,28
1329,36
1330,36
1331,37
1332,64
1333,40
1335,40
1336,49
1337,40
1338,8
1339,43
1340,56
1341,40
1342,41
1344,54
1345,32
1346,61
1347,60
1348,61
1349,20
1350,40
1351,40
1352,68
1353,41
1354,49
1355,61
1356,40
1357,72
1358,76
1359,73
1360,32
1361,61
1362,174
1363,24
1364,60
1366,68
1367,61
1369,48
1370,61
1371,40
1372,60
1373,60
1374,33
1375,61
1376,40
1377,56
1378,36
1379,56
1381,61
1382,72
1383,69
1384,24
1385,72
1386,32
1387,41
1388,36
1389,56
1390,130
1391,73
1392,81
1393,32
1394,48
1395,55
1396,61
1397,40
1398,48
1399,52
1400,116
1401,66
1403,36
1404,32
1405,56
1406,56
1407,40
1408,40
1409,48
1410,40
1411,56
1412,50
1413,40
1414,52
1415,48
1416,60
1417,61
1418,60
1419,40
1420,36
1421,41
1422,52
1423,32
1424,72
1425,40
1426,52
1427,40
1428,56
1429,76
1430,61
1431,41
1432,52
1433,56
1434,28
1435,24
1436,48
1437,24
1438,24
1439,41
1440,34
1441,40
1442,24
1443,40
1444,103
1445,64
1447,60
1448,56
1449,48
1450,55
1451,36
1452,41
1453,60
1454,41
1455,41
1457,50
1458,56
1459,40
1460,60
1461,70
1462,60
1463,40
1464,57
1465,61
1466,45
1468,60
1469,72
1470,101
1471,12
1472,137
1473,24
1474,61
1475,36
1476,40
1477,29
1479,72
1480,28
1481,56
1482,46
1483,40
1486,64
1487,40
1488,41
1489,25
1490,72
1491,49
1492,24
1493,48
1494,103
1495,72
1496,57
1497,24
1498,48
1499,48
1501,46
1502,40
1503,60
1504,39
1505,64
1506,36
1507,16
1509,24
1510,88
1511,64
1512,84
1513,60
1514,44
1515,69
1516,84
1517,36
1518,40
1519,49
1520,60
1521,40
1522,56
1523,52
1524,72
1525,72
1526,60
1527,40
1528,41
1530,40
1531,24
1532,64
1533,76
1534,87
1535,85
1536,113
1538,56
1539,56
1540,93
1541,56
1542,96
1543,56
1544,40
1545,21
1546,36
1547,44
1548,72
1549,61
1551,36
1552,53
1553,60
1554,68
1555,73
1556,39
1557,52
1558,40
1559,49
1560,52
1561,32
1563,40
1564,40
1565,89
1566,28
1567,95
1569,57
1570,48
1571,40
1572,29
1573,33
1574,68
1575,41
1576,20
1577,24
1578,41
1579,28
1580,40
1583,16
1584,76
1585,61
1586,41
1587,41
1588,56
1589,28
1590,52
1592,69
1593,65
1594,40
1595,40
1597,40
1598,52
1599,24
1600,19
1601,32
1602,52
1603,36
1604,61
1605,52
1606,41
1609,89
1610,24
1611,76
1612,68
1613,60
1614,32
1615,40
1616,33
1618,56
1619,60
1620,32
1621,36
1622,40
1624,72
1625,48
1626,41
1627,85
1628,60
1629,32
1630,36
1631,72
1632,24
1633,24
1634,85
1635,56
1636,85
1637,60
1638,36
1639,36
1641,36
1642,49
1643,68
1645,40
1646,61
1647,40
1648,65
1649,85
1650,48
1651,32
1652,24
1653,63
1654,20
1655,60
1657,77
1658,32
1659,12
1660,72
1661,47
1662,40
1663,68
1664,72
1665,44
1666,56
1667,36
1668,84
1669,61
1671,60
1673,44
1675,40
1676,64
1677,49
1678,60
1679,56
1680,48
1681,44
1682,65
1683,36
1685,61
1686,40
1687,56
1688,40
1689,16
1690,61
1691,8
1692,36
1693,46
1694,36
1695,45
1696,24
1697,12
1698,28
1699,48
1700,68
1701,25
1702,175
1703,72
1704,40
1705,28
1708,48
1709,60
1710,41
1711,40
1712,68
1713,32
1714,40
1718,65
1719,40
1720,41
1721,36
1722,24
1723,41
1724,60
1726,120
1727,60
1728,48
1729,16
1730,60
1731,36
1732,36
1733,40
1734,72
1735,48
1737,60
1738,17
1740,32
1744,24
1745,36
1746,48
1747,16
1748,48
1749,84
1750,56
1751,41
1752,56
1753,48
1754,53
1755,12
1756,41
1757,12
1758,52
1759,41
1760,28
1761,48
1762,76
1763,41
1764,41
1766,24
1767,61
1768,17
1771,77
1772,48
1773,40
1774,40
1775,69
1776,69
1779,40
1780,32
1781,48
1782,53
1783,32
1784,56
1785,41
1786,7
1787,36
1788,71
1789,20
1790,44
1791,69
1793,65
1795,29
1796,61
1797,48
1798,73
1800,78
1801,186
1802,24
1803,56
1804,44
1805,56
1806,56
1808,8
1809,57
1810,41
1811,56
1812,63
1813,48
1814,56
1815,41
1816,29
1817,60
1818,41
1819,73
1821,41
1824,80
1825,39
1826,46
1827,24
1828,77
1829,40
1830,65
1831,48
1832,68
1833,61
1834,77
1835,41
1836,56
1837,60
1839,56
1840,32
1841,40
1842,57
1843,24
1845,36
1846,69
1847,44
1848,64
1849,41
1851,80
1852,52
1853,64
1856,39
1857,46
1858,24
1859,48
1861,85
1862,28
1863,60
1865,24
1866,60
1868,61
1870,36
1871,60
1872,97
1874,179
1877,41
1878,8
1879,8
1880,57
1881,32
1882,33
1888,33
1889,64
1892,64
1894,60
1895,12
1896,20
1897,60
1898,28
1899,56
1900,68
1901,53
1902,56
1903,40
1904,16
1905,48
1907,36
1908,40
1909,144
1910,44
1911,36
1912,32
1913,60
1914,48
1915,60
1916,32
1917,41
1919,17
1920,41
1922,37
1923,40
1924,41
1925,52
1926,56
1927,32
1928,72
1929,88
1930,37
1931,33
1932,72
1933,41
1934,40
1936,100
1937,69
1938,64
1939,40
1940,56
1941,16
1942,48
1943,40
1946,32
1947,69
1948,64
1949,40
1950,48
1951,41
1953,28
1954,44
1955,41
1956,61
1957,48
1958,40
1959,61
1960,36
1961,40
1962,40
1963,44
1965,60
1966,40
1969,68
1971,24
1972,50
1973,40
1974,12
1975,48
1976,76
1978,52
1979,21
1982,69
1983,46
1986,64
1987,56
1988,68
1989,24
1990,20
1991,60
1992,41
1993,40
1994,72
1995,61
1996,36
1997,116
1998,48
1999,12
2000,44
2001,72
2002,40
2004,61
2005,61
2006,71
2007,55
2010,56
2011,12
2013,40
2014,96
2015,60
2016,69
2020,20
2021,60
2025,56
2028,20
2030,12
2031,41
2032,32
2033,29
2035,41
2036,41
2037,48
2038,74
2039,41
2043,24
2044,12
2046,53
2047,52
2048,64
2050,60
2051,76
2052,33
2053,44
2054,33
2055,60
2056,41
2057,12
2058,56
2060,31
2061,41
2062,52
2063,48
2065,57
2066,64
2069,68
2070,61
2071,87
2073,48
2075,60
2077,31
2078,61
2079,81
2080,56
2081,40
2082,32
2083,60
2084,72
2086,64
2088,40
2089,56
2091,68
2092,46
2093,40
2094,36
2097,36
2098,53
2099,46
2100,77
2101,41
2102,41
2104,40
2105,96
2106,60
2107,48
2110,84
2111,60
2113,57
2114,24
2115,72
2116,84
2117,68
2119,48
2120,48
2121,69
2123,72
2124,60
2125,16
2126,36
2127,61
2130,60
2131,17
2132,60
2133,24
2134,39
2135,24
2136,56
2137,56
2138,24
2140,64
2142,92
2143,36
2146,48
2147,44
2149,40
2150,46
2151,44
2152,40
2153,103
2154,56
2156,16
2159,40
2160,48
2161,37
2164,48
2165,12
2166,36
2173,12
2175,48
2176,48
2177,41
2178,52
2181,80
2183,48
2186,12
2187,48
2188,65
2189,60
2190,46
2191,40
2192,64
2193,61
2194,41
2196,56
2197,68
2198,12
2199,40
2201,68
2202,69
2206,46
2207,32
2209,56
2210,44
2211,28
2213,40
2214,72
2215,84
2218,60
2221,52
2223,24
2224,46
2226,36
2231,33
2234,68
2235,12
2237,60
2238,41
2239,64
2241,40
2242,56
2243,56
2244,71
2245,60
2246,16
2247,48
2249,61
2250,56
2251,32
2253,48
2256,41
2257,91
2258,46
2259,68
2262,56
2264,12
2265,40
2266,76
2269,41
2270,24
2271,69
2273,40
2275,41
2276,60
2277,32
2280,33
2285,81
2286,33
2288,48
2289,25
2291,46
2292,40
2293,40
2295,84
2297,41
2306,61
2307,24
2308,41
2309,40
2310,40
2311,40
2312,56
2313,40
2314,45
2315,25
2316,72
2317,50
2319,12
2320,52
2321,46
2322,48
2323,48
2325,84
2326,37
2328,44
2330,92
2332,16
2333,16
2335,41
2337,48
2338,60
2339,68
2345,12
2348,52
2349,12
2350,40
2351,40
2352,20
2354,76
2355,56
2358,77
2359,56
2360,56
2361,46
2362,62
2369,48
2370,52
2375,24
2376,60
2385,44
2386,48
2387,72
2388,28
2391,74
2392,85
2393,32
2394,32
2395,32
2397,32
2399,29
2400,56
2401,62
2402,60
2403,56
2404,68
2405,44
2406,48
2413,24
2414,40
2415,48
2417,65
2418,41
2421,109
2422,40
2424,56
2426,56
2427,71
2428,24
2429,40
2430,36
2432,56
2433,104
2434,40
2437,44
2438,36
2439,96
2440,48
2441,40
2442,77
2444,64
2447,48
2448,33
2450,62
2451,32
2453,64
2455,61
2456,24
2457,32
2458,24
2459,48
2462,24
2468,40
2469,40
2471,36
2472,40
2473,37
2474,48
2475,92
2476,44
2477,36
2479,60
2482,40
2484,48
2485,60
2486,40
2487,65
2488,52
2490,8
2491,56
2492,57
2493,60
2494,32
2495,53
2496,32
2499,102
2500,18
2504,48
2505,71
2506,32
2507,24
2508,41
2509,24
2510,24
2511,24
2512,56
2513,48
2515,41
2516,68
2517,32
2520,40
2522,68
2523,41
2526,24
2527,25
2529,40
2530,37
2531,29
2532,48
2533,56
2534,64
2536,41
2537,88
2538,41
2539,73
2541,40
2542,48
2544,40
2545,36
2546,41
2547,41
2549,60
2550,56
2552,52
2553,24
2554,61
2556,50
2557,52
2558,44
2559,48
2562,24
2563,36
2564,32
2565,48
2566,52
2567,60
2571,41
2576,40
2580,48
2581,48
2583,20
2584,32
2586,44
2591,40
2592,56
2593,69
2594,57
2595,72
2596,47
2598,40
2599,61
2600,32
2605,56
2606,52
2607,44
2608,32
2609,40
2610,40
2612,72
2613,24
2615,56
2616,71
2617,44
2618,40
2619,40
2620,56
2621,46
2626,64
2627,44
2628,64
2630,48
2631,40
2632,88
2634,40
2637,68
2639,48
2643,24
2644,56
2645,24
2646,36
2647,32
2648,58
2649,61
2652,24
2653,24
2656,24
2657,44
2658,92
2659,40
2662,28
2665,41
2666,24
2667,61
2668,60
2671,56
2672,24
2678,40
2679,40
2680,36
2681,32
2682,36
2684,63
2685,
2686,98
2687,49
2688,61
2689,80
2690,55
2691,56
2692,68
2693,60
2694,48
2695,56
2696,24
2697,62
2699,80
2700,48
2702,48
2703,29
2704,40
2705,24
2706,61
2708,76
2712,69
2713,65
2714,48
2715,81
2716,57
2717,48
2718,33
2720,108
2722,77
2723,48
2724,84
2725,61
2726,79
2727,73
2728,49
2729,24
2730,24
2731,80
2732,48
2733,32
2734,24
2735,28
2739,48
2740,68
2741,24
2742,33
2743,24
2744,24
2745,32
2748,117
2749,48
2751,24
2752,4
2753,48
2754,24
2755,57
2757,68
2758,48
2760,36
2761,39
2762,39
2763,92
2764,77
2765,114
2766,81
2767,68
2768,61
2769,60
2771,40
2772,48
2773,80
2774,92
2777,61
2778,24
2779,20
2780,41
2781,61
2782,24
2783,61
2784,48
2785,52
2786,60
2787,48
2788,40
2789,41
2793,41
2794,24
2795,60
2796,61
2801,80
2803,41
2804,41
2805,24
2806,41
2807,48
2808,65
2809,24
2810,24
2811,61
2812,49
2813,57
2814,61
2815,20
2816,21
2817,84
2819,40
2820,24
2821,61
2822,48
2823,63
2826,92
2827,61
2831,32
2832,56
2833,24
2835,77
2836,48
2837,61
2838,41
2840,80
2842,32
2843,49
2844,41
2845,24
2846,41
2847,61
2849,39
2852,51
2855,41
2856,24
2857,53
2858,77
2859,41
2860,41
2861,61
2862,41
2863,12
2864,41
2866,58
2867,25
2869,56
2872,31
2873,48
2874,69
2875,24
2876,32
2877,32
2878,32
2880,40
2881,41
2882,16
2883,41
2884,65
2886,40
2887,77
2889,61
2890,48
2891,53
2892,16
2893,24
2905,12
2906,66
2907,77
2908,24
2910,42
2911,48
2912,52
2913,40
2914,65
2915,28
2916,12
2917,46
2918,56
2919,80
2920,61
2921,41
2922,41
2923,61
2925,32
2926,61
2927,60
2928,53
2929,41
2930,77
2932,57
2933,43
2934,48
2935,40
2936,48
2937,28
2938,41
2939,32
2940,80
2941,48
2947,54
2948,44
2950,80
2951,76
2952,41
2955,60
2956,64
2957,24
2958,73
2959,152
2962,48
2963,41
2966,56
2967,53
2968,48
2973,68
2974,32
2975,32
2976,8
2977,32
2978,61
2979,32
2980,60
2981,32
2984,24
2985,54
2986,40
2987,52
2988,24
2989,54
2990,61
2991,61
2992,60
2993,41
2994,60
2995,38
2996,56
2998,77
3004,60
3007,20
3008,36
3011,40
3013,60
3014,76
3015,72
3017,68
3019,32
3020,20
3021,16
3022,40
3023,32
3025,60
3026,40
3030,40
3031,32
3032,16
3033,16
3034,16
3036,16
3037,20
3042,44
3043,108
3044,80
3046,44
3047,96
3048,44
3049,40
3050,64
3052,64
3053,60
3055,44
3057,48
3059,56
3062,32
3065,24
3066,32
3067,76
3068,52
3069,81
3070,40
3071,44
3072,32
3074,32
3075,60
3077,48
3080,20
3082,24
3083,24
3084,40
3088,29
3090,44
3093,48
3094,44
3096,12
3097,32
3098,188
3099,32
3101,96
3102,12
3103,24
3104,78
3106,96
3111,32
3112,64
3116,40
3119,71
3123,76
3125,32
3126,24
3127,32
3128,24
3131,48
3133,32
3135,40
3136,84
3137,68
3140,77
3142,34
3143,44
3144,76
3145,80
3146,32
3147,40
3149,41
3150,60
3151,60
3152,78
3153,60
3154,32
3155,32
3156,77
3157,32
3161,60
3162,40
3166,60
3167,64
3169,71
3170,71
3171,32
3172,84
3173,60
3175,12
3176,40
3177,28
3178,84
3179,32
3180,48
3182,48
3183,40
3184,40
3185,77
3186,32
3188,56
3191,36
3192,48
3197,60
3198,94
3199,84
3201,41
3202,36
3205,49
3206,41
3207,146
3208,40
3209,24
3210,67
3213,61
3214,57
3215,40
3216,65
3217,40
3218,44
3219,61
3220,24
3221,80
3222,40
3224,93
3225,61
3226,57
3227,24
3229,48
3230,69
3232,41
3233,24
3234,64
3235,68
3237,60
3238,64
3239,76
3241,41
3243,57
3245,52
3248,32
3249,20
3250,64
3251,57
3254,72
3255,61
3257,20
3258,68
3259,61
3260,60
3261,76
3262,61
3265,73
3267,41
3268,48
3269,36
3270,28
3271,61
3273,45
3274,61
3275,32
3276,19
3277,61
3278,61
3279,57
3280,41
3283,24
3284,68
3285,61
3286,81
3287,32
3288,69
3289,40
3290,56
3293,32
3294,77
3295,40
3296,48
3297,41
3298,48
3299,77
3300,24
3302,40
3303,36
3304,48
3305,24
3306,36
3307,32
3308,125
3309,32
3310,129
3311,40
3313,24
3314,36
3315,36
3317,36
3319,76
3320,76
3322,50
3324,113
3328,64
3329,32
3330,89
3331,41
3332,32
3334,64
3336,34
3340,38
3341,44
3342,40
3344,56
3347,97
3348,121
3349,125
3350,52
3351,56
3352,68
3354,36
3355,44
3356,36
3357,36
3358,20
3360,76
3362,24
3363,40
3364,28
3366,28
3367,60
3369,24
3370,125
3371,76
3372,64
3377,36
3379,32
3380,76
3381,60
3382,24
3383,76
3384,48
3386,24
3387,133
3388,40
3389,76
3390,40
3391,56
3392,36
3394,32
3395,40
3397,40
3400,76
3401,40
3402,40
3403,40
3406,61
3407,56
3408,76
3415,40
3417,145
3418,80
3419,36
3420,37
3423,48
3424,88
3425,40
3427,24
3428,56
3430,40
3431,76
3432,48
3433,68
3434,76
3435,40
3436,60
3439,48
3441,56
3445,76
3447,40
3451,32
3452,32
3453,92
3454,33
3457,32
3459,68
3460,56
3461,48
3462,68
3463,41
3464,40
3465,61
3471,40
3472,57
3473,41
3474,79
3476,68
3477,32
3478,54
3479,56
3480,48
3482,48
3483,41
3484,61
3485,48
3486,61
3487,40
3488,60
3492,25
3493,20
3494,54
3495,85
3497,68
3499,31
3500,68
3502,40
3503,61
3505,56
3506,32
3508,32
3509,32
3510,61
3511,56
3512,36
3513,24
3515,69
3516,88
3517,77
3518,65
3522,68
3523,48
3524,37
3525,60
3526,24
3527,56
3528,24
3529,72
3530,36
3531,44
3533,20
3534,20
3535,84
3537,44
3538,61
3542,32
3549,25
3566,20
3567,116
3568,44
3569,56
3570,41
3571,32
3572,61
3573,48
3574,36
3579,24
3580,48
3581,137
3582,22
3583,60
3587,72
3588,56
3589,41
3590,77
3591,85
3593,24
3594,32
3595,41
3596,69
3597,41
3599,24
3600,88
3601,44
3602,40
3604,36
3607,24
3608,56
3609,44
3610,125
3612,40
3614,80
3615,36
3616,32
3617,36
3618,80
3620,40
3621,40
3622,80
3623,76
3624,16
3625,125
3626,76
3627,40
3628,80
3630,76
3631,48
3632,40
3635,88
3637,38
3638,80
3640,56
3641,40
3643,44
3644,36
3645,76
3648,89
3650,21
3652,73
3653,88
3655,36
3656,48
3658,40
3659,40
3660,40
3661,44
3700,40
3701,32
3702,73
3703,44
3705,64
3708,60
3709,40
3712,24
3717,32
3722,40
3723,56
3724,80
3725,48
3726,56
3727,80
3728,52
3729,72
3730,48
3731,38
3732,60
3733,56
3734,28
3739,56
3741,48
3742,44
3743,80
3745,80
3747,40
3748,32
3749,40
3750,40
3751,76
3752,80
3753,12
3754,24
3755,12
3756,24
3757,36
3758,20
3760,141
3761,16
3762,56
3763,72
3764,60
3765,36
3766,20
3767,24
3768,39
3770,24
3771,40
3772,32
3773,76
3775,44
3777,76
3778,81
3779,12
3781,32
3782,121
3783,40
3784,40
3785,48
3786,40
3788,36
3789,36
3790,56
3791,44
3792,36
3794,56
3796,52
3798,20
3799,76
3801,52
3805,32
3806,36
3807,24
3809,24
3811,24
3812,24
3814,60
3815,12
3817,58
3822,20
3823,40
3824,24
3825,64
3826,76
3827,40
3828,64
3829,40
3831,40
3833,76
3834,12
3835,56
3837,36
3839,12
3840,56
3841,38
3842,40
3844,32
3845,36
3846,38
3847,44
3848,28
3849,12
3850,36
3851,60
3852,24
3853,28
3856,24
3857,40
3858,64
3860,44
3861,76
3862,60
3864,76
3865,24
3867,20
3868,105
3869,48
3870,38
3872,46
3874,40
3876,64
3877,56
3879,20
3880,80
3883,58
3884,48
3886,48
3887,109
3888,76
3889,71
3891,77
3893,40
3894,137
3896,108
3897,44
4046,141
4048,77
4053,52
4057,72
4064,92
4068,36
4100,24
4103,68
4105,89
4108,108
4112,164
4114,77
4118,110
4126,92
4127,44
4129,56
4130,82
4131,76
4134,44
4137,64
4138,48
4139,77
4140,120
4141,80
4142,116
4143,40
4144,56
4145,36
4147,40
4149,36
4157,68
4159,32
4160,44
4161,48
4162,48
4163,60
4164,88
4165,100
4166,48
4167,96
4169,36
4171,44
4173,40
4174,76
4176,92
4178,32
4180,32
4182,100
4183,64
4184,48
4185,60
4187,56
4188,40
4189,88
4191,56
4193,76
4194,81
4195,28
4196,12
4198,24
4200,52
4201,38
4202,48
4206,80
4208,24
4209,24
4210,80
4211,58
4215,64
4216,40
4217,20
4218,38
4219,40
4220,40
4221,52
4223,76
4224,56
4226,24
4228,20
4230,32
4231,76
4232,32
4233,38
4234,20
4235,36
4237,40
4238,64
4239,80
4240,60
4241,32
4243,56
4244,32
4246,12
4247,24
4249,52
4250,60
4251,20
4252,56
4253,78
4254,20
4255,40
4256,40
4257,73
4258,55
4259,24
4260,121
4261,20
4262,125
4263,20
4264,54
4269,12
4270,12
4272,24
4273,56
4274,76
4275,77
4277,47
4278,48
4279,76
4281,40
4282,12
4283,40
4284,24
4285,40
4286,68
4288,24
4289,12
4293,46
4295,52
4296,24
4298,40
4299,52
4301,24
4303,60
4306,24
4309,36
4318,76
4321,37
4322,32
4323,40
4324,40
4325,76
4330,40
4331,12
4332,76
4333,80
4334,64
4335,24
4336,76
4337,108
4339,38
4340,60
4341,24
4342,33
4350,48
4353,24
4354,42
4356,57
4357,87
4358,52
4359,68
4360,24
4361,20
4362,24
4366,46
4367,100
4368,72
4369,48
4370,69
4371,86
4372,24
4374,24
4377,16
4378,44
4379,40
4380,73
4381,76
4383,40
4384,60
4389,24
4392,60
4393,52
4394,68
4395,36
4399,32
4403,36
4405,76
4407,40
4409,24
4410,32
4412,48
4413,46
4414,24
4415,62
4416,59
4417,40
4420,36
4423,76
4424,72
4425,38
4427,32
4428,32
4430,64
4435,60
4436,84
4438,32
4439,48
4440,39
4444,39
4445,80
4446,60
4450,109
4451,40
4452,72
4457,36
4458,64
4459,24
4460,60
4472,64
4473,38
4474,37
4475,24
4476,71
4477,48
4479,44
4482,40
4483,40
4484,56
4487,76
4488,32
4497,68
4498,44
4499,36
4504,38
4506,76
4508,63
4509,36
4511,32
4514,36
4520,56
4521,60
4523,79
4524,38
4526,68
4529,56
4531,84
4533,24
4538,76
4540,52
4543,80
4553,38
4554,44
4556,48
4557,56
4558,60
4560,52
4564,64
4567,24
4568,48
4570,68
4574,71
4580,48
4581,24
4583,24
4584,80
4588,44
4593,60
4594,48
4595,38
4597,64
4599,24
4600,36
4601,60
4603,38
4606,24
4607,38
4609,32
4611,24
4615,40
4616,44
4617,48
4623,48
4627,56
4631,60
4635,48
4636,36
4637,49
4638,36
4639,20
4641,39
4648,88
4651,12
4657,46
4659,67
4660,71
4664,60
4667,38
4669,38
4677,36
4678,24
4679,56
4681,56
4682,48
4683,60
4686,100
4689,8
4690,32
4695,36
4696,24
4697,62
4699,64
4700,32
4706,44
4747,44
4757,77
4759,40
4849,49
4865,80
5002,12
5003,24
5005,65
5007,32
5013,32
5014,36
5015,20
5021,36
5022,68
5024,20
5025,40
5027,56
5028,40
5029,40
5030,40
5031,48
5032,20
5033,24
5034,61
5035,148
5036,56
5037,60
5038,40
5041,56
5043,24
5044,36
5045,56
5046,77
5048,68
5051,17
5054,61
5055,56
5056,48
5057,40
5058,60
5060,48
5063,56
5064,64
5065,96
5066,60
5070,85
5071,41
5072,58
5073,54
5074,36
5075,32
5076,60
5078,43
5079,56
5080,60
5082,20
5083,46
5085,64
5087,72
5088,64
5090,95
5091,72
5092,61
5093,24
5094,28
5096,68
5097,48
5098,24
5099,24
5100,32
5101,24
5104,40
5105,72
5106,70
5107,36
5108,46
5109,24
5110,28
5113,69
5115,76
5116,56
5117,69
5118,64
5119,38
5120,28
5122,28
5123,24
5124,40
5126,48
5127,69
5132,34
5133,40
5134,59
5136,40
5137,24
5138,20
5139,64
5141,76
5144,72
5145,136
5146,64
5147,92
5149,40
5150,56
5151,69
5152,24
5154,40
5155,68
5156,68
5157,32
5159,69
5160,56
5162,60
5164,37
5165,84
5166,108
5167,31
5168,40
5170,40
5172,40
5173,41
5174,69
5175,41
5179,66
5180,28
5181,36
5183,42
5184,56
5185,40
5186,40
5190,72
5191,56
5192,68
5193,40
5195,37
5196,56
5197,41
5199,68
5202,16
5203,55
5205,28
5206,28
5207,28
5210,65
5211,72
5215,60
5216,72
5218,151
5220,36
5221,71
5224,77
5226,77
5227,24
5230,32
5231,60
5232,20
5233,40
5234,40
5235,40
5236,67
5240,44
5242,40
5244,40
5245,40
5246,52
5247,68
5250,151
5251,56
5252,56
5253,56
5254,56
5255,58
5257,36
5258,36
5259,36
5260,76
5261,132
5262,69
5263,44
5264,64
5266,56
5269,36
5270,24
5272,76
5273,52
5274,46
5275,56
5276,50
5280,20
5282,44
5285,40
5286,36
5287,72
5288,57
5290,80
5292,56
5293,96
5295,16
5296,56
5297,36
5298,69
5299,72
5300,129
5301,52
5303,24
5304,36
5305,57
5306,36
5307,32
5308,36
5309,24
5311,76
5312,68
5313,56
5314,36
5316,72
5317,52
5319,40
5320,40
5321,38
5325,60
5326,76
5327,38
5328,36
5329,69
5330,68
5331,40
5332,36
5334,12
5335,32
5337,60
5338,36
5341,24
5342,72
5343,72
5346,64
5348,40
5349,36
5350,24
5352,60
5355,28
5359,48
5361,52
5363,56
5365,70
5366,75
5368,76
5369,76
5370,24
5372,38
5373,68
5374,64
5376,44
5385,40
5386,36
5387,60
5388,76
5389,60
5390,40
5391,40
5392,24
5394,40
5396,64
5397,24
5398,60
5399,73
5402,24
5403,48
5404,16
5406,51
5408,39
5409,40
5410,40
5411,53
5416,60
5417,68
5418,40
5419,60
5420,203
5422,41
5423,36
5424,64
5425,40
5426,58
5428,40
5429,48
5430,68
5433,24
5434,24
5435,36
5438,76
5440,49
5441,24
5442,32
5443,56
5444,32
5449,48
5451,58
5453,55
5455,56
5457,58
5458,20
5460,64
5462,56
5466,56
5471,40
5472,39
5477,60
5478,68
5479,40
5480,72
5481,69
5482,68
5485,32
5486,40
5487,32
5488,40
5489,24
5491,71
5492,40
5493,76
5494,76
5497,40
5498,24
5499,40
5600,39
5601,36
5602,32
5603,32
5604,48
5606,68
5608,64
5609,72
5610,68
5611,32
5612,60
5613,52
5614,68
5615,72
5616,64
5622,44
5623,51
5624,80
5626,48
5627,36
5628,48
5629,29
5632,56
5633,80
5634,40
5635,32
5637,36
5638,36
5639,52
5640,32
5641,28
5643,24
5644,44
5645,40
5646,46
5647,34
5653,95
5654,77
5657,88
5658,32
5659,24
5661,32
5663,52
5664,44
5666,100
5667,59
5668,36
5669,48
5670,72
5671,68
5672,59
5673,76
5676,24
5678,62
5683,32
5684,44
5685,33
5687,60
5688,28
5689,32
5690,70
5691,108
5692,32
5693,32
5695,72
5698,72
5701,48
5703,60
5705,52
5706,48
5707,60
5709,36
5710,24
5713,48
5722,38
5727,48
5728,80
5731,60
5732,48
5735,40
5737,32
5738,56
5743,40
5745,72
5747,28
5748,36
5751,60
5753,40
5754,72
5755,44
5758,50
5759,38
5760,69
5761,40
5763,24
5764,80
5766,32
5767,48
5768,48
5772,44
5779,36
5781,44
5783,38
5786,36
5787,44
5797,36
5799,40
5804,44
5805,32
5808,108
5809,96
5810,60
5812,48
5813,36
5814,60
5815,36
5817,56
5818,48
5819,40
5820,44
5823,52
5826,32
5831,46
5832,40
5835,60
5837,56
5839,48
5840,36
5841,48
5842,96
5843,48
5844,36
5845,73
5846,32
5847,48
5848,58
5851,56
5853,48
5854,68
5855,24
5856,24
5858,60
5860,24
5863,24
5864,48
5866,56
5869,84
5871,36
5872,57
5873,24
5874,37
5875,32
5876,32
5879,48
5880,28
5882,44
5883,80
5884,36
5886,36
5889,40
5890,32
5893,48
5894,36
5898,73
5899,52
5911,36
5912,36
5929,48
5930,32
5931,64
5932,44
5935,64
5936,48
5938,33
5939,33
5941,40
5945,36
5947,68
5954,48
5956,32
5957,24
5959,48
5960,44
5962,40
5963,72
5965,48
5969,54
5976,12
5977,24
5979,44
5980,32
5981,56
5982,32
5985,44
5986,36
5988,32
5990,24
5991,24
5992,24
5993,48
5994,40
5995,36
5996,29
6078,80
6098,89
6159,89
6166,85
6167,60
6170,24
6172,32
6173,68
6176,80
6177,24
6178,40
6226,77
6263,85
6264,77
6286,110
6370,76
6390,60
6392,28
6394,84
6400,99
6459,89
6470,60
6480,80
6500,77
6548,74
6574,77
6576,88
6577,77
6578,80
6585,48
6586,89
6588,77
6589,80
6590,77
6798,77
6813,77
6814,77
6828,89
6849,80
6850,78
6851,80
6878,94
6933,16
6937,88
6942,48
6953,97
6960,85
6962,77
6968,80
6971,80
6997,18
6998,88
7004,77
7009,114
7043,36
7062,77
7072,72
7098,56
7127,80
7129,43.5
7146,77
7162,91.5
7168,24
7174,80
7180,80
7205,80
7207,24
7209,77
7217,77
7218,79.5
7222,77
7224,80
7232,80
7235,85
7238,47.5
7240,83.75
7241,72
7245,36
7246,36
7247,36
7249,36
7308,36.125
7309,80
7310,80
7315,84.5
7329,77
7334,77
7337,80
7342,80
7357,79.5
7361,80
7362,80
