Store Number,Average Deliveries Per Week,Average Cases Delivered Per Week
1,2,467
2,3,495
3,2,308
4,2,442
7,2,361
9,2,373
10,3,545
11,3,673
12,2,403
13,2,305
14,3,500
15,2,457
17,2,415
18,2,338
19,2,690
20,2,512
21,2,535
22,2,414
23,2,301
25,2,313
26,2,77
27,2,310
28,2,328
29,3,782
30,2,272
31,4,384
32,2,387
34,3,374
35,3,258
37,3,466
38,2,186
39,1,126
40,2,480
41,2,465
42,2,117
43,2,169
44,1,82
46,1,344
47,5,358
48,2,289
49,2,201
50,2,267
51,3,332
52,3,536
54,2,387
56,1,257
59,2,419
60,3,767
61,2,517
62,3,284
63,2,336
64,2,257
65,2,518
68,2,279
69,3,974
70,4,464
72,2,184
73,2,349
74,1,117
76,2,227
77,2,432
78,1,332
79,2,448
80,2,253
81,2,207
82,4,461
83,2,908
85,2,92
86,2,390
88,1,199
89,2,720
90,2,391
91,2,224
92,2,298
93,2,301
94,2,468
95,3,357
96,2,612
97,2,284
98,2,265
99,2,424
100,3,413
101,4,612
102,2,265
103,2,629
104,2,319
106,2,230
107,4,184
108,2,331
109,1,397
111,2,148
112,2,438
113,2,397
115,2,174
116,2,193
117,2,131
120,2,344
121,2,333
122,3,406
123,2,452
124,2,341
125,5,511
126,2,305
129,2,479
130,3,416
132,1,225
134,2,314
135,1,387
136,1,113
137,2,562
138,2,472
139,2,286
140,3,671
144,2,691
145,2,236
146,2,215
147,2,512
148,2,971
149,2,228
150,2,400
151,3,518
152,2,674
155,2,221
156,1,134
158,2,264
159,3,450
160,2,554
161,3,191
162,2,238
163,2,689
165,2,669
166,1,224
168,2,414
170,1,374
171,2,412
172,2,814
173,2,241
174,3,847
175,2,282
177,5,387
178,2,282
179,2,352
180,2,793
182,2,299
183,2,180
184,2,612
185,2,1005
186,2,115
188,5,588
189,2,345
190,2,300
192,2,268
194,2,711
195,2,563
196,2,305
197,2,401
198,2,529
199,2,456
200,2,444
201,2,482
203,3,342
204,2,241
205,2,403
206,2,471
207,1,236
208,1,16
209,3,430
210,1,148
211,2,373
212,2,367
213,2,533
214,2,660
215,2,36
217,2,402
218,1,153
219,2,751
220,2,558
221,2,339
222,2,430
225,2,359
227,2,364
228,2,533
230,2,300
231,2,319
232,2,102
233,2,311
234,2,767
236,2,479
237,2,291
238,2,276
239,2,167
240,2,392
242,2,95
243,3,884
244,2,313
246,2,325
247,1,86
248,2,386
249,2,947
250,2,758
251,2,883
252,2,275
253,1,417
256,2,624
257,2,251
258,2,313
259,2,572
260,2,676
261,3,573
262,2,331
264,2,416
265,2,831
266,2,366
267,2,274
268,2,340
269,2,400
271,2,354
272,2,241
275,3,839
276,2,206
277,2,506
278,2,347
280,2,295
282,2,379
283,2,120
284,2,546
285,3,979
286,2,667
287,3,596
288,2,533
289,2,154
290,2,443
292,2,265
293,2,168
294,2,265
295,3,626
297,2,823
298,2,521
299,4,415
300,2,264
301,3,436
302,2,336
303,2,214
304,2,323
305,2,243
306,2,593
307,2,343
308,2,313
309,2,489
310,2,522
311,2,226
312,2,305
313,2,656
314,2,268
315,2,199
316,2,366
318,2,531
319,2,433
320,2,109
321,3,647
322,2,463
324,2,312
325,2,477
326,2,69
327,1,49
328,2,600
329,2,328
330,2,460
331,2,409
332,2,307
334,1,377
335,3,366
337,2,215
338,2,174
340,4,516
341,2,156
342,1,78
343,2,439
344,2,444
345,2,637
346,2,73
347,2,93
350,2,572
352,1,196
354,2,311
355,2,574
356,2,736
357,2,489
359,2,360
360,2,310
361,2,663
362,1,234
363,3,486
364,2,613
365,2,331
366,2,142
368,2,191
369,2,132
370,2,89
371,2,520
372,2,220
373,2,168
374,2,313
375,2,162
376,2,468
378,1,60
379,2,423
381,2,489
382,2,104
383,2,491
384,2,349
385,1,131
386,2,454
387,2,318
388,3,382
389,2,541
390,2,230
391,2,310
392,2,248
393,2,379
394,2,347
395,2,494
396,2,414
397,2,458
398,2,382
399,2,260
400,2,560
401,2,252
402,2,455
403,2,445
404,2,628
405,2,451
406,2,387
407,2,542
408,2,589
409,2,329
410,4,395
412,2,640
413,3,889
414,3,453
415,2,386
420,3,585
421,2,611
423,2,303
424,2,591
425,2,347
426,2,421
427,2,650
428,2,312
429,2,590
431,4,378
432,3,446
433,2,384
434,2,463
435,2,741
436,2,638
437,2,632
438,1,172
440,2,487
442,2,465
443,2,333
444,2,393
446,2,190
447,2,744
448,2,386
449,2,482
450,2,419
451,2,398
452,2,543
453,1,71
456,2,695
457,2,212
458,2,573
459,2,418
460,1,51
461,2,1093
462,2,844
463,2,480
464,2,606
465,1,390
466,2,277
467,2,538
468,6,1162
469,2,376
470,2,457
471,2,388
472,2,300
473,2,293
474,2,181
475,2,316
476,2,334
477,2,241
478,2,179
479,2,322
480,2,187
481,2,533
482,2,178
483,2,519
484,1,82
485,2,262
486,2,88
487,1,83
488,3,307
489,2,400
490,2,420
491,4,458
492,2,439
493,2,296
494,2,476
495,2,331
498,2,157
499,2,557
500,3,817
501,2,189
502,2,459
503,2,186
504,3,1073
505,2,388
506,3,274
507,2,246
508,2,474
510,2,266
511,2,705
512,3,809
513,2,734
514,2,624
515,4,627
516,2,732
517,2,507
518,2,368
520,2,324
521,2,405
522,2,601
523,2,370
524,2,414
526,2,238
527,3,497
528,3,601
529,2,712
530,3,579
531,2,434
532,2,702
533,2,428
534,2,313
535,2,593
536,2,486
537,2,568
538,2,467
539,2,347
540,2,577
541,2,535
542,2,492
543,2,588
544,2,406
545,3,72
546,2,822
547,3,687
548,2,241
549,2,874
551,3,582
552,2,97
553,2,472
554,2,372
555,2,197
556,2,342
557,3,171
558,3,206
559,2,658
560,3,643
561,1,246
562,2,319
563,3,618
564,2,447
565,2,563
566,3,604
567,2,270
568,2,227
571,2,564
572,2,553
573,2,559
574,3,804
575,2,229
576,2,412
577,3,124
578,3,800
579,3,763
580,3,514
581,2,458
582,4,1009
583,2,199
585,2,475
586,2,519
587,2,264
588,2,331
589,2,375
590,2,287
591,2,475
592,2,122
593,2,408
594,2,229
595,2,637
596,1,76
597,2,336
598,2,733
599,2,184
600,3,445
601,2,682
602,2,364
603,3,492
604,2,522
605,2,251
606,2,244
607,1,24
608,2,757
609,2,339
610,2,448
611,2,461
612,2,469
613,4,744
614,2,413
615,2,507
616,2,900
617,2,298
618,2,249
619,2,294
620,2,238
621,2,585
622,2,348
623,3,1015
624,2,650
625,2,591
627,2,337
629,4,511
631,2,456
633,2,269
634,2,637
635,2,362
636,3,353
637,2,421
638,3,451
639,3,521
640,2,327
641,2,312
642,3,453
643,3,1009
644,2,441
645,2,980
646,2,447
647,2,358
648,4,696
649,3,918
650,2,52
651,2,452
652,2,201
653,2,377
655,2,289
656,2,241
657,2,334
658,2,303
659,2,263
660,2,468
661,2,601
662,3,460
663,2,230
664,2,222
666,3,1012
667,2,195
668,2,265
669,2,314
670,3,791
671,2,370
672,2,423
673,2,496
674,2,334
675,4,211
676,2,238
677,2,290
678,2,130
680,2,286
681,3,605
682,2,351
683,2,255
684,2,231
685,2,254
686,2,269
687,2,373
688,2,202
689,3,756
690,2,268
691,2,526
692,2,465
694,2,366
695,2,99
696,2,93
697,3,513
698,2,244
699,2,496
700,5,769
701,3,419
702,2,364
703,2,500
705,3,820
706,3,905
707,2,257
708,2,355
709,2,387
710,2,286
712,3,471
713,2,220
714,2,239
715,3,711
716,2,189
718,5,642
719,2,417
720,2,312
721,4,951
722,2,393
723,2,418
724,2,257
725,5,728
726,2,660
727,1,231
728,2,481
729,2,498
730,2,663
731,2,517
733,2,295
734,2,464
735,2,230
736,2,337
737,2,243
738,4,234
740,2,307
741,2,272
742,2,178
743,2,416
744,2,535
745,2,304
746,2,431
747,2,210
748,2,420
749,1,221
750,2,436
751,2,259
752,2,528
753,2,664
754,2,490
755,2,420
756,2,248
757,2,596
758,2,222
759,3,461
761,2,337
762,2,391
763,2,384
764,3,499
765,2,431
766,2,374
767,3,902
768,2,489
769,4,986
770,2,171
771,3,836
772,2,343
773,2,362
774,2,667
775,2,409
776,2,724
777,2,523
778,3,1055
779,3,330
780,2,554
781,2,472
782,2,596
783,1,91
784,2,500
785,3,247
786,2,369
787,2,217
789,2,485
790,2,502
791,2,394
792,1,105
793,2,193
794,3,179
795,2,651
796,2,552
797,2,584
798,2,384
799,2,187
800,3,639
801,2,410
802,3,369
803,2,220
804,2,483
805,2,656
806,2,884
807,2,392
808,2,914
809,2,511
810,3,815
811,4,667
812,2,240
813,3,533
814,3,957
815,2,698
816,2,354
817,3,803
818,5,2784
819,3,912
820,2,487
821,2,1141
822,3,539
823,2,524
824,2,287
826,2,511
828,2,378
830,1,341
834,1,331
835,2,485
836,2,404
838,2,440
839,2,262
841,1,230
842,2,112
843,2,174
845,1,48
846,2,443
847,2,292
848,2,245
849,2,508
850,2,659
851,2,695
852,2,457
853,2,286
854,2,266
855,2,156
856,2,385
857,2,511
858,2,286
859,4,904
860,3,694
861,2,561
862,2,414
863,2,349
864,2,366
865,2,864
866,3,637
867,2,592
868,2,741
869,2,43
870,3,961
871,1,72
872,2,488
873,3,230
874,2,427
875,2,166
876,2,224
877,2,542
878,2,309
879,2,228
880,2,544
881,2,682
882,3,487
883,2,334
884,2,460
885,2,455
886,3,603
887,2,195
888,2,231
889,3,381
890,2,522
891,2,619
892,3,655
893,1,15
894,2,347
895,1,90
896,2,497
897,2,306
898,2,299
899,2,432
900,1,376
901,2,864
902,2,556
903,2,204
904,3,734
905,1,91
906,2,1262
907,2,345
908,3,385
909,2,458
910,3,351
911,2,527
912,2,403
913,2,615
914,2,269
915,2,494
916,3,348
917,2,255
918,2,694
919,3,767
921,2,57
922,2,564
923,2,339
924,1,130
925,3,379
926,2,67
927,3,489
929,3,596
930,2,331
931,3,700
932,2,408
933,2,384
934,2,446
935,2,426
936,2,828
937,2,287
938,2,306
939,2,507
940,2,358
941,2,271
942,3,486
943,3,475
944,3,616
945,2,572
946,1,178
947,2,648
948,2,438
949,2,397
950,2,286
951,2,210
953,2,132
954,2,187
955,2,479
956,2,425
957,1,129
958,2,388
959,3,562
960,3,558
961,2,442
962,1,88
963,2,615
964,3,1011
965,2,390
966,2,87
967,3,626
968,1,203
969,3,598
970,2,654
971,1,193
972,2,509
973,3,736
974,3,643
975,3,513
976,2,173
977,2,114
978,2,123
979,1,148
980,2,161
981,2,395
982,1,23
984,2,88
985,2,253
986,2,29
987,3,881
988,3,642
989,3,409
990,3,585
991,2,408
992,2,300
993,2,155
994,3,623
995,1,488
996,1,284
998,2,66
999,2,617
1000,3,589
1001,2,110
1002,2,357
1003,2,400
1004,5,884
1005,2,388
1006,3,338
1007,2,284
1008,2,95
1009,2,454
1010,2,437
1011,2,409
1012,2,346
1013,2,376
1014,2,370
1015,3,719
1016,2,554
1017,2,706
1018,2,280
1019,2,106
1021,3,647
1022,2,699
1023,2,412
1024,2,264
1025,2,304
1026,2,486
1027,2,352
1028,3,459
1029,3,665
1030,2,586
1032,3,600
1033,2,711
1034,3,607
1035,3,737
1036,3,557
1037,2,797
1038,1,583
1039,2,430
1040,3,522
1041,2,660
1042,2,441
1043,2,277
1044,2,537
1045,1,66
1046,2,108
1047,2,199
1050,1,55
1052,2,421
1053,2,349
1054,2,130
1055,2,378
1056,2,395
1057,1,227
1058,2,62
1059,2,321
1060,2,391
1061,2,215
1062,2,385
1063,1,150
1064,2,416
1066,3,628
1067,2,328
1068,3,817
1069,2,244
1070,2,390
1071,2,528
1072,2,437
1073,2,303
1074,3,330
1075,2,538
1076,2,189
1077,3,389
1078,1,137
1079,3,718
1080,2,244
1081,2,261
1082,2,363
1083,3,535
1084,2,199
1085,3,570
1086,3,523
1087,3,676
1088,3,584
1089,2,215
1090,3,417
1091,2,271
1092,1,124
1093,2,361
1094,2,305
1095,1,15
1096,2,428
1097,2,446
1098,2,507
1099,2,124
1100,1,225
1101,2,591
1102,2,229
1103,3,434
1104,3,696
1105,2,484
1106,2,245
1107,2,245
1109,2,204
1110,2,227
1111,2,435
1112,2,485
1115,2,164
1116,2,345
1117,2,328
1118,2,760
1119,2,280
1120,2,435
1121,2,312
1122,2,247
1123,2,549
1125,2,535
1126,2,346
1127,1,281
1128,2,515
1129,2,271
1130,4,499
1131,2,232
1132,2,760
1133,2,488
1134,3,737
1135,2,806
1136,2,373
1137,2,596
1138,1,80
1139,4,1318
1140,2,626
1141,2,491
1143,2,194
1144,2,481
1146,2,829
1147,2,341
1148,3,540
1149,3,821
1150,2,482
1151,2,168
1152,2,259
1153,2,138
1154,2,337
1155,1,395
1156,2,711
1157,2,527
1158,2,415
1159,2,38
1160,3,684
1161,3,416
1162,2,447
1163,2,319
1164,2,358
1165,2,320
1166,2,178
1167,2,240
1168,2,252
1169,2,244
1170,2,216
1171,3,570
1172,3,521
1173,3,425
1174,2,395
1175,2,390
1176,1,12
1177,2,563
1178,2,359
1179,4,386
1180,2,548
1181,2,150
1182,4,833
1183,2,710
1184,2,177
1185,2,481
1186,2,630
1187,2,194
1188,3,420
1191,2,335
1192,2,281
1193,2,249
1194,2,298
1195,2,721
1196,2,312
1197,2,469
1198,2,288
1199,1,45
1200,1,90
1201,3,506
1202,3,360
1203,3,655
1204,2,329
1205,3,566
1206,2,339
1207,5,685
1209,2,491
1210,2,356
1211,1,161
1212,2,467
1213,3,617
1214,1,85
1215,2,293
1216,2,395
1217,5,423
1218,2,862
1219,3,347
1220,2,410
1221,2,156
1222,4,781
1223,3,485
1224,2,524
1225,3,395
1226,2,316
1227,3,398
1228,2,379
1229,3,333
1230,2,828
1231,1,48
1232,2,507
1233,3,303
1235,2,374
1236,3,566
1237,2,491
1238,2,445
1239,2,233
1240,2,730
1241,2,413
1242,2,454
1243,2,267
1244,2,292
1245,3,779
1247,4,490
1248,2,153
1249,2,566
1252,1,58
1253,2,468
1255,2,385
1256,2,395
1261,2,416
1262,1,37
1264,2,318
1265,2,171
1266,2,288
1267,2,95
1268,2,336
1269,2,131
1270,2,668
1271,2,271
1272,2,269
1273,1,143
1274,2,245
1275,2,287
1276,2,187
1277,2,264
1278,1,33
1279,3,725
1280,2,84
1281,3,770
1282,2,94
1283,2,553
1284,2,469
1285,2,437
1286,2,613
1287,2,513
1288,2,582
1289,1,181
1290,2,415
1291,1,159
1292,3,458
1293,2,414
1294,2,261
1295,2,373
1296,2,510
1297,5,642
1298,2,749
1299,3,596
1300,2,493
1301,3,318
1302,2,256
1303,2,487
1304,2,559
1305,1,168
1306,2,788
1307,2,565
1308,1,68
1309,2,335
1310,2,542
1311,2,347
1312,2,491
1313,2,711
1314,2,245
1316,2,270
1317,4,371
1318,2,286
1319,2,242
1320,2,266
1321,2,569
1322,2,677
1324,2,739
1325,1,110
1326,2,903
1327,2,695
1328,2,497
1329,2,436
1330,2,297
1331,2,427
1332,2,517
1333,2,326
1335,2,549
1336,2,252
1337,2,431
1338,1,32
1339,2,421
1340,2,178
1341,4,931
1342,2,321
1344,2,440
1345,3,371
1346,3,673
1347,2,322
1348,2,636
1349,1,69
1350,2,259
1351,2,190
1352,2,416
1353,2,480
1354,2,506
1355,3,761
1356,2,399
1357,2,693
1358,2,1019
1359,2,535
1360,2,198
1361,2,525
1362,5,1631
1363,2,317
1364,2,812
1366,2,267
1367,1,224
1369,2,758
1370,3,1203
1371,2,419
1372,2,376
1373,2,230
1374,2,289
1375,2,423
1376,2,232
1377,3,376
1378,2,331
1379,2,408
1381,2,874
1382,2,812
1383,2,732
1384,2,84
1385,2,402
1386,2,651
1387,3,271
1388,2,373
1389,2,346
1390,3,559
1391,3,738
1392,2,561
1393,2,431
1394,2,124
1395,1,175
1396,2,371
1397,2,417
1398,2,314
1399,2,419
1400,2,335
1401,1,189
1403,2,273
1404,2,265
1405,2,538
1406,2,410
1407,1,173
1408,3,539
1409,2,335
1410,2,290
1411,2,737
1412,2,278
1413,3,402
1414,2,560
1415,2,553
1416,2,253
1417,2,370
1418,3,502
1419,2,342
1420,2,314
1421,3,418
1422,2,351
1423,2,343
1424,2,384
1425,2,418
1426,3,547
1427,4,252
1428,2,453
1429,2,423
1430,2,347
1431,2,316
1432,2,374
1433,2,472
1434,1,100
1435,2,386
1436,2,328
1437,2,233
1438,2,363
1439,2,350
1440,3,537
1441,2,177
1442,2,596
1443,2,181
1444,3,361
1445,2,459
1447,2,354
1448,2,318
1449,2,337
1450,3,176
1451,2,233
1452,2,232
1453,2,501
1454,3,664
1455,2,339
1457,1,233
1458,2,334
1459,2,253
1460,2,694
1461,2,346
1462,2,519
1463,2,227
1464,2,475
1465,3,427
1466,2,255
1468,2,235
1469,2,233
1470,2,904
1471,2,114
1472,1,403
1473,1,95
1474,2,843
1475,2,258
1476,2,445
1477,2,202
1479,2,394
1480,2,192
1481,3,330
1482,2,212
1483,2,860
1486,2,420
1487,2,304
1488,2,262
1489,2,133
1490,1,259
1491,2,446
1492,1,59
1493,2,526
1494,2,308
1495,2,256
1496,2,574
1497,1,75
1498,2,254
1499,3,338
1501,2,182
1502,2,506
1503,2,237
1504,2,207
1505,5,365
1506,2,402
1507,2,74
1509,1,541
1510,3,442
1511,1,102
1512,2,510
1513,3,466
1514,3,844
1515,2,120
1516,1,122
1517,3,479
1518,2,189
1519,2,294
1520,2,635
1521,2,135
1522,3,260
1523,2,316
1524,2,394
1525,2,397
1526,2,467
1527,2,579
1528,2,627
1530,2,157
1531,2,191
1532,2,616
1533,2,711
1534,1,546
1535,2,598
1536,3,548
1538,2,748
1539,4,216
1540,2,387
1541,3,502
1542,2,750
1543,3,638
1544,2,368
1545,2,175
1546,2,75
1547,2,429
1548,3,1378
1549,2,745
1551,2,108
1552,2,409
1553,2,211
1554,2,764
1555,2,978
1556,2,288
1557,2,266
1558,2,249
1559,2,178
1560,2,471
1561,2,132
1563,3,635
1564,2,475
1565,4,1344
1566,1,87
1567,4,538
1569,2,440
1570,2,397
1571,3,220
1572,2,295
1573,2,298
1574,2,799
1575,3,615
1576,1,61
1577,1,85
1578,2,160
1579,2,372
1580,1,181
1583,2,307
1584,2,428
1585,3,682
1586,2,183
1587,2,281
1588,2,464
1589,3,229
1590,2,222
1592,2,562
1593,2,453
1594,2,247
1595,4,383
1597,2,332
1598,2,321
1599,2,101
1600,2,284
1601,1,203
1602,2,254
1603,2,450
1604,3,843
1605,3,510
1606,2,244
1609,2,899
1610,1,43
1611,2,766
1612,2,1143
1613,2,447
1614,2,365
1615,2,282
1616,2,259
1618,1,157
1619,2,221
1620,2,353
1621,2,237
1622,2,356
1624,3,641
1625,2,348
1626,2,267
1627,2,411
1628,2,335
1629,2,300
1630,2,382
1631,2,497
1632,2,75
1633,1,68
1634,1,578
1635,3,172
1636,2,1101
1637,2,449
1638,2,366
1639,2,258
1641,2,342
1642,2,341
1643,2,395
1645,3,725
1646,2,480
1647,2,573
1648,2,381
1649,3,347
1650,2,186
1651,2,263
1652,2,433
1653,2,203
1654,2,89
1655,2,496
1657,2,1001
1658,2,511
1659,2,78
1660,4,700
1661,2,430
1662,2,404
1663,5,535
1664,2,652
1665,2,296
1666,2,354
1667,1,262
1668,2,247
1669,2,337
1671,2,609
1673,2,373
1675,3,411
1676,2,1009
1677,2,316
1678,2,135
1679,2,368
1680,2,168
1681,2,224
1682,3,325
1683,1,180
1685,4,547
1686,2,319
1687,3,504
1688,3,447
1689,1,76
1690,2,544
1691,2,33
1692,3,370
1693,3,346
1694,3,502
1695,2,226
1696,1,49
1698,3,470
1699,3,288
1700,2,165
1702,3,936
1703,2,354
1704,2,346
1708,2,262
1709,2,544
1710,2,176
1712,2,293
1713,2,190
1714,2,467
1718,2,256
1719,2,393
1720,2,225
1721,2,590
1722,2,108
1723,2,481
1724,2,161
1726,2,597
1727,2,205
1728,2,303
1729,1,192
1730,2,322
1731,2,199
1732,2,284
1733,2,334
1734,2,414
1735,2,243
1737,2,178
1738,1,83
1740,2,572
1744,2,54
1745,2,292
1746,2,484
1747,3,175
1748,2,533
1749,2,533
1750,4,276
1751,1,166
1752,2,498
1753,2,606
1754,2,459
1755,2,214
1756,3,341
1757,2,91
1758,1,228
1759,2,800
1760,2,236
1761,1,372
1762,2,901
1763,2,351
1764,2,433
1766,2,124
1767,2,599
1768,2,85
1771,2,314
1772,2,489
1773,2,482
1774,2,584
1775,2,322
1776,2,381
1779,2,147
1780,2,253
1781,3,407
1782,3,268
1783,2,562
1784,2,326
1785,2,655
1786,1,11
1787,3,494
1788,3,419
1789,2,307
1790,2,404
1791,2,385
1793,2,341
1795,2,173
1796,2,524
1797,2,303
1798,2,447
1800,2,468
1801,2,368
1802,3,230
1803,2,290
1804,2,360
1805,2,607
1806,3,508
1808,1,7
1809,2,427
1810,3,358
1811,3,409
1812,2,355
1813,2,235
1814,1,269
1815,2,296
1816,1,222
1817,2,366
1818,1,379
1819,2,382
1821,2,248
1824,1,61
1825,2,348
1826,2,561
1827,2,108
1828,2,290
1829,2,365
1830,3,440
1831,2,276
1832,2,597
1833,2,351
1834,2,706
1835,2,474
1836,2,374
1837,2,533
1839,2,240
1840,2,472
1841,3,411
1842,2,426
1843,2,109
1845,3,306
1846,2,602
1847,3,652
1848,1,154
1849,2,535
1851,2,258
1852,2,267
1853,2,754
1856,2,469
1857,2,103
1858,2,48
1859,2,1455
1861,1,448
1862,1,253
1863,2,226
1865,1,41
1866,2,397
1868,2,490
1870,2,392
1871,5,635
1872,5,524
1874,4,1014
1877,2,709
1878,1,34
1879,1,140
1880,2,575
1881,2,339
1882,2,544
1888,2,112
1889,2,225
1892,2,364
1894,2,338
1895,1,53
1896,1,99
1897,2,217
1898,1,193
1899,2,413
1900,2,310
1901,4,390
1902,2,360
1903,2,702
1904,1,104
1905,2,301
1907,2,543
1908,2,494
1909,4,1314
1910,2,369
1911,2,206
1912,2,418
1913,2,281
1914,3,407
1915,2,594
1916,3,298
1917,2,342
1919,2,157
1920,2,239
1922,2,290
1923,2,295
1924,2,397
1925,2,313
1926,4,730
1927,2,195
1928,2,209
1929,2,150
1930,2,667
1931,2,302
1932,2,505
1933,2,147
1934,2,307
1936,5,1680
1937,2,238
1938,2,288
1939,2,444
1940,3,313
1941,1,211
1942,2,377
1943,2,537
1946,2,709
1947,2,552
1948,3,282
1949,2,640
1950,2,316
1951,3,247
1953,2,385
1954,2,488
1955,1,243
1956,5,644
1957,3,610
1958,2,540
1959,3,386
1960,3,274
1961,2,260
1962,2,386
1963,2,251
1965,3,630
1966,2,324
1969,2,232
1971,2,110
1972,2,301
1973,2,610
1974,2,87
1975,2,526
1976,3,482
1978,2,594
1979,2,399
1982,2,417
1983,2,355
1986,1,434
1987,2,454
1988,2,402
1989,2,209
1990,3,71
1991,2,482
1992,2,220
1993,2,312
1994,2,762
1995,2,364
1996,2,440
1997,2,162
1998,2,136
1999,1,45
2000,2,654
2001,2,418
2002,2,406
2004,2,594
2005,2,447
2006,2,482
2007,2,647
2010,2,318
2011,1,91
2013,2,393
2014,3,841
2015,2,279
2016,3,824
2020,1,149
2021,2,423
2025,2,431
2028,2,348
2030,2,346
2031,2,266
2032,1,357
2033,1,313
2035,2,340
2036,3,265
2037,2,369
2038,2,308
2039,2,385
2043,1,226
2044,3,266
2046,2,328
2047,2,351
2048,2,458
2050,2,510
2051,2,961
2052,2,323
2053,2,555
2054,2,365
2055,2,757
2056,3,429
2057,2,293
2058,2,265
2060,2,177
2061,2,360
2062,2,258
2063,2,292
2065,2,308
2066,2,414
2069,2,462
2070,2,115
2071,1,97
2073,2,155
2075,2,495
2077,2,385
2078,2,372
2079,4,639
2080,2,272
2081,2,488
2082,2,242
2083,3,379
2084,5,411
2086,2,243
2088,2,494
2089,4,503
2091,3,285
2092,2,404
2093,2,388
2094,2,281
2097,2,211
2098,3,166
2099,3,546
2100,2,571
2101,2,384
2102,2,461
2104,3,263
2105,1,77
2106,2,551
2107,2,101
2110,2,179
2111,2,365
2113,2,562
2114,3,415
2115,2,391
2116,3,473
2117,2,344
2119,2,98
2120,2,323
2121,2,537
2123,2,75
2124,1,183
2125,1,78
2126,3,311
2127,2,494
2130,2,298
2131,3,197
2132,2,251
2133,2,206
2134,2,431
2135,3,469
2136,2,487
2137,2,193
2138,2,188
2140,2,326
2142,2,881
2143,2,291
2146,3,358
2147,4,326
2149,2,267
2150,3,611
2151,2,247
2152,3,252
2153,2,523
2154,2,215
2156,3,159
2159,3,533
2160,2,360
2161,2,125
2164,2,638
2165,1,106
2166,2,191
2173,2,121
2175,2,678
2176,3,415
2177,1,352
2178,2,226
2181,2,473
2183,2,354
2186,1,66
2187,2,469
2188,1,139
2189,2,327
2190,2,368
2191,2,215
2192,4,401
2193,2,347
2194,2,199
2196,2,281
2197,2,359
2198,1,74
2199,2,513
2201,3,710
2202,2,486
2206,2,215
2207,1,154
2209,2,246
2210,2,297
2211,2,123
2213,3,685
2214,3,437
2215,1,199
2218,2,321
2221,2,418
2223,1,74
2224,2,159
2226,2,136
2231,2,363
2234,2,519
2237,3,811
2238,2,344
2239,2,631
2241,2,221
2242,2,483
2244,2,255
2245,2,572
2246,1,98
2249,2,735
2250,2,124
2251,2,419
2253,2,775
2256,2,325
2258,2,242
2259,2,506
2262,4,495
2264,2,51
2265,2,584
2266,2,309
2269,2,572
2270,2,77
2271,2,460
2273,2,299
2275,1,221
2276,2,485
2277,2,273
2280,2,161
2285,3,535
2286,3,354
2288,2,232
2289,4,183
2291,2,364
2292,2,414
2293,1,54
2295,2,309
2297,2,212
2306,3,638
2307,2,198
2308,2,451
2309,2,175
2310,2,236
2311,2,369
2312,3,237
2313,2,248
2314,2,315
2315,2,145
2316,2,298
2317,2,162
2319,2,157
2320,2,214
2321,2,430
2322,2,269
2323,2,203
2325,2,495
2326,2,300
2328,2,150
2330,2,721
2332,2,125
2333,1,190
2335,1,94
2337,3,414
2338,2,356
2339,2,415
2345,1,62
2348,2,547
2350,2,272
2351,2,280
2352,2,148
2354,2,156
2355,2,256
2358,4,919
2360,2,139
2361,1,119
2362,2,112
2369,2,432
2376,2,63
2385,2,364
2386,2,357
2387,3,458
2388,3,446
2392,3,260
2395,2,161
2397,2,200
2399,2,308
2400,2,246
2401,2,509
2403,2,533
2404,2,371
2405,3,692
2406,2,122
2415,3,89
2418,2,583
2421,2,514
2424,2,354
2426,4,251
2427,2,326
2428,2,109
2430,2,253
2432,2,263
2433,2,266
2434,2,422
2437,4,423
2438,2,446
2441,2,131
2442,2,224
2444,2,468
2447,1,118
2448,1,130
2450,3,385
2451,1,15
2453,2,485
2455,4,767
2458,2,254
2459,3,604
2468,2,145
2469,2,333
2471,3,216
2472,2,381
2473,2,681
2474,3,230
2475,2,199
2476,2,376
2479,2,478
2482,2,666
2484,2,496
2486,2,94
2488,3,340
2490,2,38
2491,2,586
2493,1,137
2494,2,292
2495,2,367
2499,3,237
2500,2,155
2504,3,371
2505,2,250
2506,2,264
2508,3,386
2509,1,271
2510,2,300
2512,2,921
2513,2,362
2515,2,654
2517,2,320
2522,2,815
2523,2,214
2526,2,172
2527,2,223
2529,3,408
2530,2,172
2531,2,148
2532,2,186
2533,3,626
2534,2,511
2536,2,453
2537,3,673
2538,2,251
2541,2,422
2542,2,386
2544,1,196
2545,2,377
2546,2,410
2547,3,269
2549,2,751
2550,2,217
2552,3,218
2553,2,340
2554,2,609
2556,3,387
2557,2,464
2558,2,87
2559,2,209
2562,1,70
2563,2,293
2564,3,356
2565,2,365
2566,3,425
2567,1,240
2571,2,182
2576,3,267
2580,2,518
2581,2,349
2583,1,84
2584,2,60
2586,2,165
2591,3,214
2592,2,390
2593,2,487
2594,2,228
2595,3,475
2596,3,567
2598,2,236
2599,2,404
2600,2,470
2605,2,231
2606,2,500
2607,2,216
2608,3,395
2609,2,306
2610,2,138
2612,3,829
2613,2,160
2615,2,342
2616,4,801
2617,2,332
2618,2,179
2619,2,447
2620,2,384
2621,2,232
2626,3,931
2627,2,223
2628,2,324
2630,2,441
2631,2,229
2632,2,301
2634,2,568
2637,3,363
2639,2,219
2643,1,16
2644,2,314
2645,2,187
2646,2,275
2647,2,505
2648,2,259
2649,2,346
2652,2,396
2653,2,403
2656,2,739
2657,2,259
2658,3,361
2659,2,64
2662,2,406
2665,2,457
2666,3,48
2667,2,470
2668,2,182
2671,2,602
2672,2,84
2678,2,247
2679,2,483
2680,2,223
2681,2,315
2682,2,129
2684,5,265
2685,1,15
2686,4,298
2687,2,470
2688,2,488
2690,2,380
2691,2,382
2692,2,357
2693,2,457
2694,2,452
2695,3,610
2696,2,264
2697,2,298
2699,1,183
2700,2,314
2702,2,379
2703,2,423
2704,2,548
2706,2,390
2708,2,805
2712,3,982
2713,2,377
2714,2,630
2715,3,800
2716,2,861
2717,2,260
2718,2,259
2720,2,295
2722,2,201
2724,2,709
2725,3,193
2726,3,278
2727,2,489
2728,2,585
2729,2,158
2730,2,338
2731,1,256
2732,3,480
2733,1,157
2734,2,426
2735,2,349
2739,2,423
2741,3,181
2742,2,201
2743,2,175
2744,2,161
2745,2,247
2748,3,1219
2749,2,340
2751,1,77
2752,1,31
2753,2,289
2754,2,425
2755,2,395
2757,2,212
2758,2,589
2760,2,409
2761,2,224
2762,2,393
2764,2,704
2766,2,417
2767,2,511
2768,2,487
2769,2,319
2771,2,531
2772,2,523
2773,1,225
2774,3,183
2777,2,932
2778,2,518
2779,2,86
2780,3,366
2781,3,415
2783,2,358
2785,2,177
2786,2,347
2787,2,213
2788,2,439
2789,3,417
2793,2,560
2794,2,126
2795,2,423
2796,3,577
2801,2,132
2803,2,348
2805,2,190
2807,2,535
2808,2,301
2809,3,290
2810,2,185
2811,2,427
2812,2,364
2813,2,422
2814,2,206
2815,2,130
2816,2,106
2817,1,6
2819,2,295
2820,2,126
2822,2,377
2826,2,577
2827,2,715
2831,2,300
2832,2,551
2833,2,187
2835,2,298
2836,2,433
2837,2,450
2838,2,463
2840,2,185
2842,2,418
2844,3,346
2845,2,368
2846,2,396
2847,2,548
2849,2,155
2852,2,424
2855,2,100
2856,2,398
2857,2,649
2858,2,220
2859,2,171
2860,2,448
2861,3,267
2862,3,296
2863,1,80
2864,2,374
2866,1,102
2867,2,128
2869,2,405
2872,2,254
2873,2,145
2874,3,316
2875,2,196
2876,2,195
2877,2,135
2878,2,324
2880,2,200
2881,2,338
2882,1,60
2883,1,228
2886,2,435
2887,3,880
2889,2,567
2890,2,182
2891,2,695
2892,1,88
2893,2,148
2905,2,68
2906,4,248
2907,2,93
2908,2,327
2910,2,323
2911,4,673
2912,2,411
2913,2,530
2914,2,494
2915,3,157
2916,3,120
2917,2,262
2918,2,206
2919,1,273
2920,3,505
2921,3,354
2922,2,486
2923,5,757
2925,2,398
2926,2,220
2927,2,326
2928,2,868
2929,2,616
2932,2,185
2933,3,257
2934,2,461
2935,2,479
2936,2,115
2937,2,59
2938,2,451
2939,2,230
2940,2,297
2941,2,156
2947,2,175
2948,2,382
2950,3,684
2951,3,701
2952,2,350
2955,2,440
2956,1,355
2958,2,521
2959,2,121
2962,3,532
2963,2,230
2966,2,301
2967,3,435
2968,3,417
2973,2,267
2974,2,245
2975,2,272
2976,2,239
2977,2,291
2978,2,386
2979,2,293
2981,2,278
2984,2,194
2985,2,325
2986,2,415
2987,2,452
2988,2,240
2989,2,227
2990,3,782
2991,2,404
2992,4,553
2993,2,246
2994,3,599
2995,2,117
2996,2,305
2998,1,57
3004,2,184
3008,2,124
3013,2,298
3014,2,467
3015,2,523
3017,2,167
3019,1,65
3020,1,36
3021,1,27
3022,2,222
3023,1,98
3025,1,95
3026,2,195
3030,1,36
3031,3,55
3032,2,108
3033,2,99
3042,2,163
3046,4,311
3047,2,253
3048,1,27
3049,2,359
3050,2,141
3052,2,150
3055,2,331
3057,2,318
3059,2,185
3062,3,249
3065,1,51
3066,3,331
3067,2,140
3068,2,80
3069,2,86
3071,2,106
3077,2,307
3083,1,29
3084,2,188
3088,3,231
3090,2,208
3093,3,226
3094,3,159
3096,1,28
3097,1,42
3098,2,169
3099,2,230
3101,2,147
3102,1,52
3103,2,135
3104,3,323
3106,2,656
3119,4,1345
3126,1,41
3127,1,35
3131,2,202
3133,2,170
3135,2,345
3136,3,926
3140,2,380
3142,2,234
3143,2,287
3144,2,215
3145,2,199
3146,2,128
3147,1,189
3149,2,95
3150,2,319
3151,2,256
3152,2,173
3156,2,149
3162,2,266
3166,2,145
3167,3,347
3169,2,386
3170,2,250
3171,2,239
3172,2,295
3173,2,292
3175,1,23
3177,1,54
3179,2,163
3180,2,284
3182,2,261
3183,2,215
3184,2,268
3185,2,178
3186,2,61
3188,2,124
3191,2,233
3192,2,395
3197,3,264
3198,2,180
3199,1,223
3202,2,214
3205,2,172
3206,2,345
3207,3,522
3208,2,199
3209,1,83
3210,2,688
3213,2,460
3214,3,301
3215,3,415
3216,3,781
3217,2,264
3218,2,484
3219,2,634
3220,2,294
3221,2,445
3222,2,510
3224,2,532
3225,2,479
3226,3,526
3227,1,44
3229,2,366
3230,2,74
3232,2,320
3233,2,98
3234,2,185
3235,2,329
3237,2,414
3238,3,202
3239,2,453
3241,2,462
3245,2,271
3250,2,178
3251,2,171
3254,2,542
3255,2,459
3258,3,473
3259,4,499
3260,2,395
3261,2,437
3262,2,458
3265,2,550
3267,2,606
3268,2,231
3269,2,314
3270,2,409
3271,2,367
3273,2,89
3274,2,343
3275,2,198
3276,3,421
3277,2,369
3278,2,526
3279,2,573
3280,2,152
3283,2,146
3284,2,384
3285,2,249
3286,2,515
3287,2,241
3289,2,371
3290,2,475
3293,2,232
3294,2,316
3296,2,290
3297,2,428
3298,2,646
3299,2,176
3300,2,356
3302,2,494
3303,2,163
3304,2,362
3305,2,431
3306,2,105
3307,3,691
3308,3,547
3309,3,330
3310,3,549
3311,3,158
3313,1,77
3315,2,446
3317,2,163
3320,2,810
3322,3,98
3328,2,351
3329,2,517
3330,2,236
3331,2,485
3332,4,773
3334,2,458
3336,2,302
3340,2,223
3341,2,264
3342,2,208
3344,3,659
3347,3,487
3348,2,377
3349,3,623
3350,2,624
3351,2,436
3352,2,465
3354,2,224
3355,2,236
3356,2,184
3357,2,311
3360,2,388
3362,2,422
3363,3,561
3366,2,178
3367,2,472
3370,3,836
3371,2,489
3377,2,684
3379,2,379
3380,2,497
3381,2,389
3382,2,143
3383,2,461
3384,2,396
3386,3,292
3387,4,1055
3388,2,232
3389,2,266
3390,2,400
3391,2,454
3392,2,241
3394,2,370
3395,2,495
3397,2,117
3400,2,348
3401,2,185
3403,2,320
3406,2,328
3408,2,455
3415,3,370
3417,3,729
3418,3,414
3419,2,219
3420,2,179
3424,2,468
3425,2,672
3427,2,415
3428,2,570
3430,2,310
3431,2,533
3432,2,248
3433,2,563
3434,2,338
3435,2,344
3436,2,368
3439,3,765
3441,2,95
3445,2,243
3447,3,171
3451,2,288
3453,1,284
3454,1,149
3457,2,229
3459,2,609
3460,3,481
3461,2,310
3463,3,552
3464,2,430
3465,2,665
3471,2,199
3472,3,562
3473,2,495
3474,3,625
3476,2,256
3477,3,277
3478,3,555
3479,3,402
3480,2,167
3482,2,285
3483,2,577
3484,3,571
3485,2,358
3486,2,246
3487,2,291
3488,2,238
3492,2,122
3493,2,239
3494,2,317
3495,2,482
3497,2,216
3499,2,348
3502,2,242
3503,2,697
3505,2,523
3506,2,210
3508,2,222
3509,2,378
3511,2,572
3512,2,89
3513,1,30
3515,2,189
3516,2,581
3517,2,135
3518,2,973
3522,2,501
3523,2,363
3524,2,296
3525,2,440
3526,3,510
3527,3,514
3528,2,367
3529,1,255
3530,2,208
3531,2,395
3533,1,96
3534,1,35
3535,3,647
3537,2,336
3538,3,450
3542,2,248
3549,3,449
3566,1,72
3567,2,472
3568,2,375
3569,2,333
3570,2,462
3571,2,127
3572,2,463
3573,2,376
3574,1,177
3579,2,240
3580,2,290
3581,2,233
3582,1,94
3583,2,253
3587,2,392
3588,2,281
3589,2,202
3590,2,511
3591,2,650
3593,2,162
3594,2,263
3595,2,455
3596,2,483
3597,2,334
3599,2,240
3600,2,284
3601,2,212
3602,2,464
3604,2,306
3607,2,354
3608,2,329
3609,2,197
3610,2,176
3612,2,543
3614,2,214
3615,2,207
3616,2,278
3617,2,215
3620,2,306
3621,2,146
3622,1,137
3623,2,577
3624,1,81
3625,2,168
3626,2,742
3627,2,274
3628,2,192
3630,2,600
3631,2,417
3632,1,329
3635,1,179
3637,2,164
3638,2,295
3640,2,402
3641,2,259
3643,2,241
3644,3,582
3645,2,1017
3648,1,559
3650,1,111
3652,2,474
3656,2,103
3659,2,231
3660,2,246
3661,3,720
3700,2,468
3701,2,498
3702,3,490
3703,2,188
3705,2,496
3709,2,229
3717,2,250
3722,2,333
3723,1,155
3724,2,573
3725,2,145
3726,2,255
3727,2,197
3728,2,310
3729,2,528
3730,2,508
3731,2,567
3732,2,565
3733,3,444
3734,2,344
3739,3,395
3742,2,256
3743,1,244
3745,1,222
3747,2,331
3748,2,291
3750,1,191
3751,2,920
3752,1,235
3757,2,487
3760,2,107
3761,1,62
3762,2,454
3763,3,1074
3764,1,1128
3765,2,276
3768,2,391
3770,3,318
3771,2,678
3773,2,495
3775,2,192
3777,2,422
3778,2,858
3779,1,87
3781,1,256
3782,3,391
3783,2,224
3784,1,201
3785,3,352
3786,2,318
3788,2,174
3789,2,224
3790,2,381
3794,2,329
3799,2,508
3801,2,471
3805,1,83
3806,1,63
3807,2,482
3809,2,192
3811,2,82
3812,3,171
3822,1,66
3826,2,623
3827,2,272
3828,2,508
3829,2,193
3831,3,368
3833,2,799
3835,2,251
3841,2,157
3842,2,307
3844,2,336
3845,2,378
3846,2,249
3847,2,535
3848,2,197
3850,2,457
3852,2,230
3853,3,376
3856,2,77
3857,2,249
3858,3,219
3861,2,343
3862,5,604
3864,3,661
3872,3,574
3874,2,382
3876,3,248
3877,2,329
3879,2,113
3883,2,412
3884,2,183
3886,2,360
3891,3,443
3893,2,369
3894,2,282
3897,2,354
4046,2,307
4048,2,292
4053,1,126
4057,3,205
4064,3,282
4103,2,340
4105,3,428
4114,2,215
4126,2,374
4127,2,365
4129,2,339
4131,2,302
4134,2,243
4137,2,326
4138,2,216
4140,1,95
4141,2,201
4143,2,72
4144,2,342
4145,2,242
4147,1,126
4149,2,179
4157,1,136
4159,2,123
4160,1,131
4161,2,131
4164,2,506
4167,2,482
4169,1,225
4171,2,225
4173,2,153
4176,2,209
4178,2,155
4180,3,161
4183,3,403
4188,2,199
4189,2,181
4191,2,148
4194,2,390
4195,2,356
4196,1,23
4198,2,44
4206,1,568
4208,1,77
4209,2,440
4210,3,439
4215,2,701
4217,1,82
4218,2,367
4219,2,360
4221,2,250
4223,2,386
4224,2,486
4226,2,233
4228,1,79
4230,2,380
4231,2,469
4233,2,264
4234,1,92
4235,3,581
4237,2,346
4239,2,507
4241,2,403
4243,2,413
4244,2,44
4246,1,51
4249,2,371
4250,2,235
4251,2,125
4252,2,639
4253,2,211
4254,2,172
4255,2,327
4256,2,587
4257,2,548
4258,2,409
4259,1,305
4262,3,436
4264,2,248
4274,2,630
4277,3,227
4278,2,170
4279,2,585
4282,2,60
4283,2,303
4284,1,69
4285,2,172
4288,1,65
4293,2,346
4295,2,452
4296,2,83
4298,2,526
4299,2,427
4303,2,163
4306,2,159
4309,2,342
4318,2,540
4321,2,131
4322,3,437
4323,2,558
4324,2,257
4325,2,1133
4332,3,791
4333,2,452
4334,3,444
4335,1,96
4336,1,657
4337,2,1280
4340,2,625
4341,2,621
4342,2,98
4350,2,397
4353,1,47
4354,2,315
4356,2,316
4357,2,343
4358,2,395
4359,2,84
4360,1,37
4367,2,391
4368,3,357
4369,1,166
4370,2,358
4372,2,239
4378,3,242
4379,2,394
4380,1,55
4383,2,217
4399,2,390
4405,2,463
4407,2,454
4409,2,328
4412,3,463
4413,2,231
4414,2,181
4415,3,841
4416,3,697
4417,2,364
4420,2,656
4424,2,204
4425,2,114
4427,3,375
4428,2,123
4430,2,703
4438,2,145
4439,2,273
4440,2,610
4444,2,360
4445,3,830
4446,2,335
4450,1,285
4451,2,572
4452,2,402
4458,2,328
4459,2,374
4460,2,295
4472,2,130
4473,2,436
4474,2,146
4475,2,135
4476,2,526
4477,2,485
4479,2,235
4482,2,269
4483,2,256
4487,3,614
4498,2,176
4499,2,536
4508,2,551
4509,2,365
4511,2,566
4514,2,339
4520,3,434
4523,2,157
4524,2,157
4531,2,257
4533,3,261
4538,2,473
4540,2,515
4543,2,780
4554,2,205
4556,2,152
4558,2,250
4564,3,495
4567,1,88
4570,2,177
4574,2,439
4580,2,204
4581,2,280
4583,2,280
4584,2,232
4588,2,313
4593,3,587
4594,2,597
4599,2,138
4600,2,560
4601,2,762
4603,2,295
4606,2,290
4607,2,208
4609,2,191
4611,2,67
4615,2,372
4616,2,158
4617,4,394
4623,2,392
4631,2,135
4635,2,298
4636,3,359
4637,2,347
4638,2,455
4639,1,45
4657,2,167
4659,2,194
4660,2,290
4664,2,466
4667,3,325
4677,3,133
4678,3,232
4679,2,359
4681,3,422
4682,2,469
4683,2,321
4689,1,18
4700,1,39
4706,2,190
4747,1,42
4757,2,183
4759,2,109
4849,2,138
4865,2,379
5002,1,33
5005,3,166
5007,2,310
5013,2,214
5014,2,225
5021,2,500
5022,3,553
5027,2,293
5028,2,163
5029,2,348
5030,2,262
5031,2,698
5033,1,114
5034,3,614
5035,4,762
5036,3,428
5037,3,535
5038,2,186
5041,2,542
5043,2,92
5044,2,463
5045,2,512
5048,2,332
5051,1,119
5054,3,465
5055,3,680
5056,2,430
5057,2,358
5058,2,186
5060,2,211
5063,2,309
5064,2,247
5065,2,310
5066,2,175
5068,2,164
5070,2,367
5071,2,349
5072,2,245
5073,2,279
5076,2,415
5080,2,322
5082,1,61
5083,2,68
5087,3,1005
5090,2,356
5092,2,397
5093,4,328
5097,2,243
5098,2,197
5099,2,84
5100,2,264
5101,2,487
5104,2,236
5105,3,628
5106,1,83
5108,3,688
5110,2,101
5113,2,644
5115,2,508
5116,2,633
5117,2,466
5118,2,287
5119,2,115
5122,2,90
5123,1,82
5124,2,553
5127,2,334
5132,3,434
5133,3,695
5134,2,704
5137,1,90
5139,2,407
5144,2,511
5145,3,633
5146,2,302
5147,2,832
5149,2,249
5150,2,540
5151,2,355
5152,2,170
5154,2,531
5155,2,909
5157,2,191
5159,2,729
5160,2,359
5162,2,456
5164,2,246
5165,2,654
5166,2,751
5167,2,231
5170,2,374
5172,3,535
5173,2,329
5174,2,399
5175,2,231
5179,2,252
5180,2,90
5181,2,228
5183,3,235
5184,4,297
5185,4,223
5186,2,346
5190,2,651
5191,2,537
5192,2,628
5193,2,435
5195,2,256
5196,2,157
5197,2,358
5199,2,464
5202,2,163
5203,2,212
5205,2,166
5206,2,122
5207,2,64
5210,1,398
5211,2,311
5216,2,210
5218,3,483
5220,3,238
5221,3,229
5226,2,201
5227,2,242
5231,2,421
5232,1,50
5233,2,472
5234,2,333
5235,2,260
5236,4,416
5240,3,334
5242,2,326
5244,2,306
5245,2,511
5246,2,377
5247,2,600
5250,3,451
5251,2,191
5252,2,378
5253,3,380
5254,2,485
5255,3,244
5257,2,329
5258,2,234
5259,2,154
5260,3,409
5261,3,867
5262,2,286
5263,2,257
5266,3,707
5269,2,375
5270,2,73
5272,2,417
5273,2,328
5274,3,324
5275,2,394
5276,2,226
5280,1,113
5286,2,157
5287,2,498
5288,2,616
5290,2,450
5292,2,314
5293,2,192
5296,2,158
5298,2,558
5299,3,1310
5300,3,611
5301,3,388
5303,2,345
5304,2,311
5305,3,553
5306,2,256
5307,2,134
5308,2,66
5309,2,290
5311,2,363
5312,2,633
5313,3,743
5314,2,210
5316,2,582
5317,2,427
5319,2,221
5320,2,464
5321,2,355
5325,2,295
5326,3,621
5327,2,151
5328,2,148
5330,2,742
5331,2,657
5332,2,308
5335,2,738
5337,2,407
5338,2,314
5341,1,70
5343,3,497
5348,3,452
5350,2,196
5352,1,213
5355,2,167
5359,2,415
5361,2,572
5363,2,280
5365,4,667
5366,3,491
5368,2,362
5369,2,794
5370,1,116
5372,1,172
5373,2,352
5374,2,242
5376,2,572
5385,2,206
5386,3,278
5387,2,228
5388,2,486
5389,2,505
5390,2,206
5391,3,739
5392,2,241
5394,3,998
5396,2,358
5397,2,95
5398,2,318
5399,2,1345
5402,1,133
5403,2,418
5404,1,95
5406,2,175
5408,2,268
5409,1,170
5410,2,365
5411,2,251
5416,2,552
5417,2,332
5418,2,211
5419,2,421
5420,3,1180
5422,2,450
5423,2,388
5424,2,593
5425,2,594
5426,2,198
5428,2,366
5429,2,662
5430,2,702
5433,2,347
5434,2,180
5435,3,600
5438,2,32
5440,2,172
5441,2,217
5442,2,170
5443,2,402
5444,3,117
5449,2,381
5451,3,533
5453,3,633
5455,3,861
5457,3,382
5458,2,48
5460,2,369
5462,2,270
5466,4,264
5471,2,284
5472,2,378
5477,3,697
5478,1,188
5479,2,255
5480,2,396
5481,2,394
5482,2,450
5485,1,48
5486,2,164
5487,2,397
5488,3,515
5489,1,203
5491,2,445
5493,3,916
5494,2,466
5497,5,553
5498,4,383
5499,2,145
5600,2,208
5601,2,354
5602,2,171
5603,1,213
5604,1,124
5606,2,343
5608,2,299
5609,2,145
5610,1,148
5611,2,115
5612,3,979
5613,2,269
5614,1,144
5615,2,174
5616,2,157
5622,2,316
5623,2,344
5624,2,127
5626,2,740
5627,2,217
5628,2,245
5629,2,194
5632,2,240
5633,2,268
5634,2,157
5635,2,492
5637,2,248
5638,2,461
5639,2,214
5640,3,247
5641,2,264
5643,2,139
5644,2,280
5645,2,85
5646,2,540
5647,2,115
5653,3,844
5654,3,173
5657,2,178
5658,2,212
5659,2,273
5661,2,202
5663,1,25
5664,1,124
5666,2,214
5667,2,135
5668,1,69
5669,2,197
5670,2,318
5671,2,250
5672,2,224
5673,2,236
5676,1,33
5678,2,212
5683,2,182
5684,2,301
5685,1,221
5687,2,255
5688,1,144
5690,3,287
5691,2,298
5692,3,295
5693,3,307
5695,2,77
5698,3,35
5701,2,319
5703,2,423
5705,3,824
5706,2,241
5707,2,487
5709,2,329
5710,2,338
5722,2,252
5727,3,564
5728,3,593
5731,2,335
5732,2,304
5735,3,471
5737,2,315
5738,2,416
5743,2,532
5745,2,683
5747,2,414
5748,3,621
5751,2,284
5753,2,246
5754,4,252
5755,2,347
5758,2,357
5759,2,228
5760,2,251
5761,2,192
5763,2,142
5764,2,533
5766,2,333
5767,1,117
5768,2,362
5772,2,373
5779,2,325
5781,2,142
5783,2,137
5786,2,294
5787,2,319
5797,2,377
5799,2,273
5804,2,222
5805,2,159
5808,2,389
5809,2,599
5810,2,300
5812,2,355
5813,2,192
5814,2,260
5815,2,87
5817,3,255
5818,3,294
5819,2,278
5820,3,237
5823,2,396
5826,2,205
5831,3,473
5832,2,229
5835,2,445
5837,3,173
5839,2,431
5840,2,170
5841,3,293
5842,2,321
5843,2,450
5844,2,203
5845,3,484
5846,2,212
5847,2,300
5848,2,230
5851,2,470
5853,2,261
5854,2,186
5855,1,64
5856,1,41
5858,2,402
5860,2,44
5863,2,176
5864,2,402
5869,2,244
5871,2,203
5872,4,819
5873,1,33
5874,2,150
5875,2,192
5876,3,385
5879,2,331
5880,2,285
5882,3,376
5883,2,505
5884,2,152
5886,2,167
5889,2,469
5890,2,330
5893,2,141
5894,2,300
5898,2,352
5899,2,153
5911,2,289
5912,2,156
5929,2,232
5930,2,337
5931,2,325
5932,3,204
5935,2,139
5936,2,170
5938,2,362
5939,2,93
5941,2,218
5945,3,128
5947,3,706
5954,2,269
5956,2,452
5957,1,61
5959,2,462
5960,3,636
5962,3,511
5963,2,173
5965,2,242
5969,2,241
5976,2,50
5977,1,21
5979,3,380
5980,2,157
5981,2,223
5982,2,98
5985,1,109
5986,1,91
5988,2,143
5990,1,47
5991,1,49
5992,1,31
5993,2,148
5994,2,140
5995,2,135
6078,2,140
6098,2,232
6159,2,326
6166,3,275
6167,2,78
6170,2,152
6172,2,55
6173,2,311
6177,2,69
6178,2,153
6226,2,160
6263,2,237
6264,2,167
6392,2,101
6394,2,79
6400,2,134
6459,2,198
6470,1,151
6500,2,183
6548,3,258
6574,2,145
6576,2,411
6577,2,198
6578,2,153
6585,1,212
6586,2,209
6588,2,175
6589,2,237
6590,2,264
6798,2,161
6813,4,659
6814,2,187
6828,2,250
6849,3,206
6850,3,283
6851,2,93
6933,2,28
6937,3,262
6942,2,127
6953,3,209
6960,2,233
6962,2,248
6968,1,222
6971,3,199
6998,2,225
7004,2,233
7043,2,227
7062,2,221
7072,2,220
7098,3,214
7127,2,216
7129,1,161
7146,2,247
7162,2,491
7168,2,154
7180,2,186
7205,2,362
7209,1,181
7217,2,160
7218,2,285
7222,2,174
7224,1,108
7232,1,194
7235,2,197
7238,3,173
7240,2,302
7241,2,311
7245,2,179
7247,2,155
7249,2,142
7309,2,188
7315,2,174
7329,2,169
7334,2,257
7342,2,150
7357,2,210
7361,2,160
7362,2,214
